district,month,rainfall_mean_mm,rainfall_median_mm,soil_storage_mean_mm,soil_storage_median_mm,ndvi_mean,ndvi_median,lst_mean_c,lst_median_c,surface_water_mean,surface_water_median,gw_depth_mean_m,gw_depth_median_m
Marathwada_All,1,3.66,2.19,1031.99,1030.83,0.4187,0.4146,32.05,32.24,0.3467,0.2997,7.25,6.6
Beed,1,2.49,0.88,1013.21,997.46,0.3847,0.3804,32.52,32.69,0.334,0.3705,6.83,6.1
Chhatrapati Sambhajinagar,1,3.13,1.98,995.73,991.22,0.4163,0.4155,31.48,31.63,0.5363,0.567,8.49,8.1
Dharashiv,1,2.08,0.47,1110.72,1116.5,0.3825,0.3824,33.09,33.23,0.383,0.4204,6.78,6.0
Hingoli,1,5.33,3.71,1023.08,1012.95,0.4394,0.4243,31.27,31.45,0.6306,0.6574,6.39,6.2
Jalna,1,3.76,2.42,1036.1,1027.61,0.4334,0.4129,31.69,31.83,0.2154,0.207,7.54,6.9
Latur,1,3.15,1.58,1042.08,1031.29,0.4093,0.4041,32.61,32.95,0.237,0.2328,6.39,5.8
Nanded,1,5.77,3.46,970.4,954.51,0.4362,0.4207,31.86,32.03,0.1733,0.1786,6.16,5.85
Parbhani,1,3.61,2.28,1064.63,1048.31,0.448,0.4374,31.86,32.12,0.2642,0.2617,7.4,6.8
Marathwada_All,2,2.46,1.28,1003.65,999.83,0.3398,0.3371,37.72,37.65,0.3388,0.3076,7.2,6.8
Beed,2,1.61,0.67,988.01,973.22,0.3154,0.3044,38.3,38.27,0.3305,0.3417,6.67,5.91
Chhatrapati Sambhajinagar,2,1.6,0.92,966.79,963.73,0.349,0.3504,37.1,36.94,0.4912,0.492,8.25,7.6
Dharashiv,2,1.99,1.2,1084.61,1091.04,0.3033,0.3006,38.75,38.72,0.4072,0.4047,10.0,10.0
Hingoli,2,3.92,1.78,992.07,985.88,0.3509,0.3453,36.98,36.92,0.5821,0.6028,6.42,6.4
Jalna,2,1.93,0.91,1008.28,1001.49,0.3487,0.334,37.64,37.76,0.2078,0.1876,7.27,7.9
Latur,2,2.49,1.38,1013.91,1004.59,0.3233,0.3118,38.34,38.34,0.2682,0.2649,0.6,0.6
Nanded,2,3.89,1.59,939.11,923.83,0.3606,0.3575,37.27,37.45,0.1766,0.1796,3.55,3.55
Parbhani,2,2.26,0.62,1036.39,1021.06,0.3674,0.3549,37.42,37.43,0.2464,0.2585,6.99,6.65
Marathwada_All,3,6.76,2.11,979.68,974.96,0.2871,0.2814,44.03,44.18,0.4042,0.3676,8.92,8.45
Beed,3,3.48,0.47,968.13,962.03,0.2739,0.2669,44.29,44.52,0.3918,0.4101,8.56,8.1
Chhatrapati Sambhajinagar,3,2.54,0.18,941.35,947.1,0.2984,0.2888,43.49,43.52,0.5347,0.533,10.11,10.0
Dharashiv,3,4.74,1.15,1062.98,1070.85,0.253,0.2505,44.97,45.05,0.5174,0.5217,8.68,8.1
Hingoli,3,10.67,2.69,964.82,957.65,0.2899,0.2859,43.53,43.92,0.6654,0.649,8.13,8.0
Jalna,3,5.03,0.27,984.65,988.19,0.2867,0.2683,44.48,45.18,0.2592,0.2704,9.25,8.85
Latur,3,7.8,3.16,990.91,981.67,0.2696,0.2633,44.32,44.55,0.363,0.357,8.49,8.0
Nanded,3,11.21,4.29,911.74,894.93,0.3155,0.3014,43.27,43.62,0.2158,0.2184,7.61,7.4
Parbhani,3,8.6,2.74,1012.85,1006.81,0.31,0.3041,43.92,44.22,0.2865,0.291,8.62,8.2
Marathwada_All,4,9.91,3.85,953.78,951.88,0.2598,0.2566,47.64,48.19,0.4121,0.3821,7.87,7.6
Beed,4,9.31,3.65,945.55,945.44,0.2499,0.2482,47.59,48.22,0.3929,0.3936,9.99,8.83
Chhatrapati Sambhajinagar,4,2.62,0.28,914.64,918.83,0.2583,0.2535,47.72,48.45,0.4808,0.4822,9.3,8.9
Dharashiv,4,13.76,8.54,1040.8,1049.72,0.2382,0.2327,47.72,48.19,0.5657,0.5605,10.0,10.0
Hingoli,4,9.24,3.89,935.21,929.61,0.2649,0.2679,47.52,47.93,0.6573,0.6471,6.88,6.6
Jalna,4,5.17,1.13,958.07,962.04,0.2439,0.2376,48.65,49.1,0.2862,0.3099,7.7,7.9
Latur,4,15.9,10.14,966.81,964.67,0.2542,0.2485,47.1,47.47,0.4039,0.3952,5.54,4.95
Nanded,4,14.24,6.22,882.18,867.36,0.2915,0.283,46.87,47.35,0.2175,0.2215,8.0,7.1
Parbhani,4,9.04,3.02,986.96,982.63,0.2778,0.271,47.93,48.32,0.2923,0.302,7.43,7.2
Marathwada_All,5,26.98,11.38,934.63,931.69,0.2455,0.2369,46.81,47.26,0.4465,0.415,10.03,9.7
Beed,5,32.04,14.89,928.98,923.64,0.2414,0.2339,46.5,46.93,0.4147,0.4122,9.73,9.45
Chhatrapati Sambhajinagar,5,22.26,6.59,895.22,896.05,0.2391,0.2284,46.46,47.09,0.4868,0.4811,11.36,11.12
Dharashiv,5,38.37,25.17,1024.72,1028.81,0.2389,0.2256,46.46,47.11,0.611,0.6033,10.58,10.1
Hingoli,5,22.76,9.9,913.17,906.59,0.2478,0.2438,47.11,47.66,0.7061,0.7112,9.03,9.0
Jalna,5,22.8,4.6,938.58,940.33,0.2244,0.2124,47.67,47.96,0.3468,0.344,9.8,9.6
Latur,5,32.07,15.34,948.96,944.03,0.2473,0.2392,46.34,46.86,0.4319,0.4302,10.29,9.65
Nanded,5,22.11,12.06,859.95,846.09,0.2729,0.2702,46.6,47.17,0.2414,0.2368,8.1,7.9
Parbhani,5,23.45,9.6,967.47,962.12,0.2521,0.2446,47.38,47.74,0.3337,0.3454,9.74,9.5
Marathwada_All,6,162.02,150.76,959.17,948.28,0.2973,0.2758,42.47,42.71,0.4665,0.4296,7.64,7.6
Beed,6,145.89,146.77,959.4,960.03,0.3009,0.2904,41.63,42.02,0.4147,0.4046,9.37,8.4
Chhatrapati Sambhajinagar,6,155.93,156.34,918.78,925.26,0.2876,0.2724,41.66,42.33,0.4934,0.4874,7.22,7.5
Dharashiv,6,145.04,133.32,1063.44,1051.0,0.2971,0.2705,41.62,41.94,0.5736,0.5483,8.2,8.2
Hingoli,6,188.28,179.45,932.0,925.88,0.3005,0.2698,43.25,43.53,0.758,0.7692,6.99,6.8
Jalna,6,158.05,151.68,960.64,966.25,0.2607,0.2391,43.11,43.39,0.3933,0.3999,8.27,7.8
Latur,6,159.96,142.81,974.13,966.98,0.3048,0.2849,42.25,42.34,0.432,0.4259,9.0,9.0
Nanded,6,181.97,173.69,878.35,877.85,0.337,0.3133,43.0,42.9,0.278,0.2776,8.5,8.5
Parbhani,6,161.01,146.54,986.62,989.87,0.2902,0.2697,43.26,43.4,0.3887,0.3964,7.89,7.9
Marathwada_All,7,242.63,224.86,1061.57,1054.11,0.5224,0.5167,35.55,35.98,0.3521,0.3191,7.92,7.6
Beed,7,200.07,188.44,1053.32,1042.31,0.5072,0.5418,35.78,35.75,0.306,0.2967,8.89,8.65
Chhatrapati Sambhajinagar,7,193.06,190.53,1026.62,1004.81,0.4855,0.4739,34.59,34.87,0.433,0.4069,8.78,8.8
Dharashiv,7,201.63,187.73,1163.73,1153.48,0.4911,0.4871,35.21,35.51,0.4061,0.4107,8.39,8.12
Hingoli,7,298.59,289.43,1044.83,1031.35,0.5688,0.5369,34.53,34.73,0.636,0.6688,6.61,6.1
Jalna,7,210.67,208.11,1069.1,1069.87,0.4655,0.4522,37.23,37.33,0.2802,0.2808,8.24,7.9
Latur,7,253.5,232.67,1065.49,1051.83,0.5722,0.5625,35.06,35.34,0.2809,0.2678,7.3,6.8
Nanded,7,321.74,315.58,983.06,991.83,0.5813,0.5772,36.31,36.81,0.1864,0.188,7.87,7.65
Parbhani,7,261.78,239.13,1086.42,1070.47,0.501,0.4867,35.92,36.77,0.2885,0.2928,7.17,6.8
Marathwada_All,8,220.9,220.99,1159.53,1153.07,0.6634,0.6737,32.39,32.37,0.3115,0.2865,5.96,5.32
Beed,8,177.05,175.0,1129.45,1122.28,0.6314,0.6306,33.36,33.22,0.2697,0.2365,5.12,5.12
Chhatrapati Sambhajinagar,8,194.45,191.91,1121.71,1107.48,0.6081,0.6016,32.99,33.23,0.4333,0.383,7.65,7.25
Dharashiv,8,176.33,178.03,1242.65,1243.77,0.604,0.614,33.09,33.02,0.3564,0.3597,2.0,2.0
Hingoli,8,263.71,256.62,1163.28,1170.43,0.7167,0.7196,30.71,30.96,0.5825,0.6231,4.54,4.1
Jalna,8,197.94,197.37,1171.58,1157.91,0.6488,0.6583,33.09,33.1,0.23,0.2134,4.89,4.2
Latur,8,229.24,229.61,1159.14,1153.36,0.697,0.7049,31.73,30.85,0.22,0.1972,1.2,1.2
Nanded,8,281.49,269.09,1097.77,1101.17,0.7173,0.7338,31.92,31.91,0.1502,0.139,,
Parbhani,8,246.99,243.9,1190.68,1183.93,0.6843,0.6951,32.19,31.83,0.2501,0.2569,5.66,5.3
Marathwada_All,9,183.23,171.74,1212.89,1213.66,0.6204,0.6231,32.99,32.85,0.3036,0.2713,4.82,3.8
Beed,9,187.53,187.7,1176.4,1181.2,0.5951,0.6043,33.52,33.36,0.2632,0.2406,4.97,4.05
Chhatrapati Sambhajinagar,9,167.27,151.08,1179.12,1190.18,0.6255,0.6268,32.49,32.16,0.468,0.4722,6.59,5.9
Dharashiv,9,186.06,183.58,1284.96,1299.31,0.5622,0.5718,33.8,33.41,0.341,0.3534,3.8,2.9
Hingoli,9,193.41,185.44,1222.29,1218.88,0.6306,0.6334,32.67,32.67,0.5614,0.5942,3.25,2.9
Jalna,9,157.28,153.41,1228.41,1229.23,0.6161,0.6232,33.26,33.25,0.2124,0.2245,4.74,3.45
Latur,9,193.78,184.04,1211.03,1202.19,0.6243,0.6237,32.33,32.13,0.2032,0.1809,3.8,3.0
Nanded,9,190.74,182.65,1157.44,1151.75,0.6712,0.6758,32.46,32.23,0.1411,0.1351,3.81,2.9
Parbhani,9,189.75,174.62,1243.47,1241.6,0.6385,0.6427,33.39,33.47,0.2389,0.2384,4.89,4.0
Marathwada_All,10,83.8,75.99,1194.03,1193.68,0.5549,0.557,34.75,34.78,0.3318,0.3012,5.12,4.2
Beed,10,89.41,77.63,1164.28,1159.14,0.533,0.5425,35.1,35.07,0.2998,0.3366,4.85,4.0
Chhatrapati Sambhajinagar,10,81.05,69.99,1156.88,1176.19,0.5563,0.5531,34.27,33.66,0.526,0.549,6.57,6.0
Dharashiv,10,91.26,84.74,1269.38,1276.41,0.5118,0.5186,35.5,35.38,0.3887,0.417,4.69,3.8
Hingoli,10,78.27,79.29,1193.66,1176.49,0.5549,0.5656,34.64,34.26,0.5982,0.6423,3.89,3.6
Jalna,10,75.5,69.04,1202.36,1196.6,0.5538,0.5619,35.0,34.77,0.2192,0.2094,5.17,4.3
Latur,10,88.83,74.06,1203.49,1183.06,0.5638,0.5567,34.41,34.31,0.2216,0.224,4.6,3.7
Nanded,10,80.69,66.64,1137.26,1109.13,0.6011,0.6115,33.88,33.64,0.1473,0.1497,4.25,3.7
Parbhani,10,85.39,80.72,1224.94,1197.24,0.5643,0.5684,35.18,34.97,0.2537,0.255,4.81,3.8
Marathwada_All,11,20.38,8.62,1122.53,1110.05,0.5042,0.5045,33.69,33.79,0.3432,0.3125,5.74,5.1
Beed,11,22.47,11.06,1096.95,1080.61,0.4863,0.4841,33.82,34.31,0.3136,0.3669,6.75,5.7
Chhatrapati Sambhajinagar,11,23.23,8.54,1085.3,1087.14,0.4962,0.5014,33.28,33.9,0.5303,0.5647,7.56,7.35
Dharashiv,11,21.83,9.45,1195.74,1192.79,0.4588,0.4564,34.7,35.25,0.3974,0.4144,,
Hingoli,11,18.93,8.71,1118.44,1095.84,0.5084,0.5071,33.41,33.83,0.6293,0.6814,4.28,4.1
Jalna,11,19.6,9.07,1127.8,1116.01,0.5074,0.5087,33.69,33.66,0.2258,0.2211,4.69,4.0
Latur,11,22.41,6.86,1133.46,1109.61,0.5095,0.5121,33.64,33.72,0.2294,0.2168,,
Nanded,11,17.89,8.43,1067.3,1037.58,0.5437,0.5525,33.13,33.25,0.1543,0.1623,,
Parbhani,11,16.65,5.93,1155.21,1134.78,0.5231,0.5231,33.89,33.66,0.2655,0.2815,5.12,4.6
Marathwada_All,12,9.17,5.49,1069.32,1065.9,0.4665,0.4602,31.75,31.86,0.3616,0.3249,5.97,5.5
Beed,12,10.11,5.9,1048.65,1041.85,0.4469,0.4392,32.03,32.24,0.3351,0.3847,6.28,5.21
Chhatrapati Sambhajinagar,12,8.87,3.6,1035.17,1035.47,0.4587,0.4589,31.22,31.42,0.5591,0.5897,6.78,6.4
Dharashiv,12,8.03,4.05,1143.95,1147.92,0.4272,0.4298,32.89,33.1,0.4118,0.4527,,
Hingoli,12,10.93,7.24,1061.25,1047.14,0.4753,0.454,31.21,31.2,0.6564,0.7043,4.98,4.72
Jalna,12,8.27,4.83,1075.65,1067.38,0.4798,0.4689,31.41,31.71,0.2343,0.2229,4.42,4.1
Latur,12,7.96,3.16,1078.43,1056.89,0.4653,0.4682,32.11,32.17,0.248,0.2783,,
Nanded,12,8.66,3.62,1009.57,987.47,0.4907,0.4825,31.43,31.45,0.1716,0.1777,,
Parbhani,12,10.51,6.52,1101.85,1085.24,0.4882,0.4892,31.67,31.78,0.2765,0.2785,5.85,5.5
