stream,district,date,value,clim_median,robust_z,temporal_diff,lower_iqr,upper_iqr,classification
CHIRPS,Beed,1981-01,54.426,0.8751,329.25,,-0.2289,2.4479,Statistical Outlier / Seasonal Extreme
CHIRPS,Beed,1981-02,0.1961,0.671,7.18,27.6062,0.0704,1.589,Statistical Outlier / Seasonal Extreme
CHIRPS,Beed,1982-01,2.349,0.8751,9.06,5.9466,-0.2289,2.4479,Statistical Outlier / Seasonal Extreme
CHIRPS,Beed,1982-11,96.0495,11.0638,9.17,81.1602,-26.4613,59.9133,Statistical Outlier / Seasonal Extreme
CHIRPS,Beed,1983-12,27.0668,5.9013,6.8,23.7718,-3.974,16.8284,Statistical Outlier / Seasonal Extreme
CHIRPS,Beed,1984-01,2.4005,0.8751,9.38,11.7913,-0.2289,2.4479,Statistical Outlier / Seasonal Extreme
CHIRPS,Beed,1984-02,1.3169,0.671,9.77,3.4695,0.0704,1.589,Statistical Outlier / Seasonal Extreme
CHIRPS,Beed,1984-03,7.1724,0.4733,10.26,4.779,-7.5885,12.7556,Statistical Outlier / Seasonal Extreme
CHIRPS,Beed,1985-02,11.6394,0.671,165.94,8.7891,0.0704,1.589,Statistical Outlier / Seasonal Extreme
CHIRPS,Beed,1985-03,4.5489,0.4733,6.24,1.8054,-7.5885,12.7556,Statistical Outlier / Seasonal Extreme
CHIRPS,Beed,1987-02,0.9796,0.671,4.67,0.5039,0.0704,1.589,Statistical Outlier / Seasonal Extreme
CHIRPS,Beed,1987-05,83.0793,14.8908,3.83,26.5716,-35.6329,68.5188,Statistical Outlier / Seasonal Extreme
CHIRPS,Beed,1987-11,63.3067,11.0638,5.64,11.2614,-26.4613,59.9133,Statistical Outlier / Seasonal Extreme
CHIRPS,Beed,1988-03,8.4791,0.4733,12.26,0.24,-7.5885,12.7556,Statistical Outlier / Seasonal Extreme
CHIRPS,Beed,1989-01,3.6371,0.8751,16.98,1.0085,-0.2289,2.4479,Statistical Outlier / Seasonal Extreme
CHIRPS,Beed,1990-05,148.4742,14.8908,7.51,18.2545,-35.6329,68.5188,Statistical Outlier / Seasonal Extreme
CHIRPS,Beed,1990-08,339.631,175.0006,2.95,221.1767,26.5964,324.3453,Statistical Outlier / Seasonal Extreme
CHIRPS,Beed,1990-12,18.087,5.9013,3.92,11.8168,-3.974,16.8284,Statistical Outlier / Seasonal Extreme
CHIRPS,Beed,1991-04,30.7941,3.6454,5.02,16.4633,-19.5802,34.8455,Statistical Outlier / Seasonal Extreme
CHIRPS,Beed,1993-12,55.3186,5.9013,15.88,48.0771,-3.974,16.8284,Statistical Outlier / Seasonal Extreme
CHIRPS,Beed,1994-01,1.6228,0.8751,4.6,26.5079,-0.2289,2.4479,Statistical Outlier / Seasonal Extreme
CHIRPS,Beed,1994-02,0.9429,0.671,4.11,0.1085,0.0704,1.589,Statistical Outlier / Seasonal Extreme
CHIRPS,Beed,1995-01,1.8893,0.8751,6.24,0.5669,-0.2289,2.4479,Statistical Outlier / Seasonal Extreme
CHIRPS,Beed,1995-02,1.1099,0.671,6.64,5.2529,0.0704,1.589,Statistical Outlier / Seasonal Extreme
CHIRPS,Beed,1995-03,10.8363,0.4733,15.86,8.9407,-7.5885,12.7556,Statistical Outlier / Seasonal Extreme
CHIRPS,Beed,1997-11,129.1633,11.0638,12.74,58.3406,-26.4613,59.9133,Statistical Outlier / Seasonal Extreme
CHIRPS,Beed,1997-12,77.8908,5.9013,23.13,12.5442,-3.974,16.8284,Statistical Outlier / Seasonal Extreme
CHIRPS,Beed,1998-01,1.53,0.8751,4.03,37.7354,-0.2289,2.4479,Statistical Outlier / Seasonal Extreme
CHIRPS,Beed,1999-02,4.3041,0.671,54.96,3.9011,0.0704,1.589,Statistical Outlier / Seasonal Extreme
CHIRPS,Beed,1999-05,114.5965,14.8908,5.6,23.4971,-35.6329,68.5188,Statistical Outlier / Seasonal Extreme
CHIRPS,Beed,2000-05,100.6103,14.8908,4.82,2.1641,-35.6329,68.5188,Statistical Outlier / Seasonal Extreme
CHIRPS,Beed,2001-01,1.9661,0.8751,6.71,1.4745,-0.2289,2.4479,Statistical Outlier / Seasonal Extreme
CHIRPS,Beed,2002-02,1.6767,0.671,15.22,0.7089,0.0704,1.589,Statistical Outlier / Seasonal Extreme
CHIRPS,Beed,2002-04,23.791,3.6454,3.73,16.1203,-19.5802,34.8455,Statistical Outlier / Seasonal Extreme
CHIRPS,Beed,2003-01,10.4289,0.8751,58.74,7.0382,-0.2289,2.4479,Statistical Outlier / Seasonal Extreme
CHIRPS,Beed,2003-02,1.1553,0.671,7.33,4.4746,0.0704,1.589,Statistical Outlier / Seasonal Extreme
CHIRPS,Beed,2004-05,69.173,14.8908,3.05,11.1432,-35.6329,68.5188,Statistical Outlier / Seasonal Extreme
CHIRPS,Beed,2005-03,6.217,0.4733,8.79,12.978,-7.5885,12.7556,Statistical Outlier / Seasonal Extreme
CHIRPS,Beed,2005-04,37.7313,3.6454,6.31,25.9214,-19.5802,34.8455,Statistical Outlier / Seasonal Extreme
CHIRPS,Beed,2006-03,7.5254,0.4733,10.8,7.2117,-7.5885,12.7556,Statistical Outlier / Seasonal Extreme
CHIRPS,Beed,2006-05,81.9222,14.8908,3.77,4.105,-35.6329,68.5188,Statistical Outlier / Seasonal Extreme
CHIRPS,Beed,2008-03,38.2447,0.4733,57.82,32.2787,-7.5885,12.7556,Statistical Outlier / Seasonal Extreme
CHIRPS,Beed,2009-03,6.6481,0.4733,9.45,6.1974,-7.5885,12.7556,Statistical Outlier / Seasonal Extreme
CHIRPS,Beed,2009-11,81.5351,11.0638,7.6,36.3266,-26.4613,59.9133,Statistical Outlier / Seasonal Extreme
CHIRPS,Beed,2010-01,1.8501,0.8751,5.99,0.4493,-0.2289,2.4479,Statistical Outlier / Seasonal Extreme
CHIRPS,Beed,2010-03,5.0003,0.4733,6.93,2.6463,-7.5885,12.7556,Statistical Outlier / Seasonal Extreme
CHIRPS,Beed,2010-11,55.0433,11.0638,4.74,2.7294,-26.4613,59.9133,Statistical Outlier / Seasonal Extreme
CHIRPS,Beed,2012-02,1.0328,0.671,5.47,0.6239,0.0704,1.589,Statistical Outlier / Seasonal Extreme
CHIRPS,Beed,2014-02,1.5133,0.671,12.74,7.6923,0.0704,1.589,Statistical Outlier / Seasonal Extreme
CHIRPS,Beed,2014-03,17.064,0.4733,25.4,4.4007,-7.5885,12.7556,Statistical Outlier / Seasonal Extreme
CHIRPS,Beed,2014-04,23.8133,3.6454,3.73,10.8267,-19.5802,34.8455,Statistical Outlier / Seasonal Extreme
CHIRPS,Beed,2014-11,71.0919,11.0638,6.48,55.3708,-26.4613,59.9133,Statistical Outlier / Seasonal Extreme
CHIRPS,Beed,2015-02,1.6466,0.671,14.76,6.5436,0.0704,1.589,Statistical Outlier / Seasonal Extreme
CHIRPS,Beed,2015-03,15.4823,0.4733,22.98,10.0461,-7.5885,12.7556,Statistical Outlier / Seasonal Extreme
CHIRPS,Beed,2016-02,6.671,0.671,90.77,2.998,0.0704,1.589,Statistical Outlier / Seasonal Extreme
CHIRPS,Beed,2016-03,6.4246,0.4733,9.11,2.6807,-7.5885,12.7556,Statistical Outlier / Seasonal Extreme
CHIRPS,Beed,2018-02,16.9531,0.671,246.32,16.0725,0.0704,1.589,Statistical Outlier / Seasonal Extreme
CHIRPS,Beed,2020-03,5.1687,0.4733,7.19,3.1283,-7.5885,12.7556,Statistical Outlier / Seasonal Extreme
CHIRPS,Beed,2021-05,71.4024,14.8908,3.18,36.4249,-35.6329,68.5188,Statistical Outlier / Seasonal Extreme
CHIRPS,Beed,2023-01,1.4764,0.8751,3.7,6.1276,-0.2289,2.4479,Statistical Outlier / Seasonal Extreme
CHIRPS,Beed,2023-03,10.512,0.4733,15.37,15.6986,-7.5885,12.7556,Statistical Outlier / Seasonal Extreme
CHIRPS,Beed,2023-04,51.7766,3.6454,8.91,45.8316,-19.5802,34.8455,Statistical Outlier / Seasonal Extreme
CHIRPS,Beed,2024-01,1.4934,0.8751,3.8,4.1735,-0.2289,2.4479,Statistical Outlier / Seasonal Extreme
CHIRPS,Beed,2024-02,2.5209,0.671,27.99,1.4443,0.0704,1.589,Statistical Outlier / Seasonal Extreme
CHIRPS,Beed,2024-04,28.7575,3.6454,4.65,23.7272,-19.5802,34.8455,Statistical Outlier / Seasonal Extreme
CHIRPS,Beed,2025-05,318.2659,14.8908,17.05,275.2147,-35.6329,68.5188,Statistical Outlier / Seasonal Extreme
CHIRPS,Beed,2026-04,32.0007,3.6454,5.25,23.6524,-19.5802,34.8455,Statistical Outlier / Seasonal Extreme
CHIRPS,Chhatrapati Sambhajinagar,1981-01,21.2909,1.9777,45.33,,-0.2415,4.9808,Statistical Outlier / Seasonal Extreme
CHIRPS,Chhatrapati Sambhajinagar,1981-03,7.2098,0.1758,28.0,6.6561,-5.5096,9.2021,Statistical Outlier / Seasonal Extreme
CHIRPS,Chhatrapati Sambhajinagar,1981-12,15.9048,3.6045,14.26,3.5807,-5.7516,17.9554,Statistical Outlier / Seasonal Extreme
CHIRPS,Chhatrapati Sambhajinagar,1982-01,13.3271,1.9777,26.64,4.829,-0.2415,4.9808,Statistical Outlier / Seasonal Extreme
CHIRPS,Chhatrapati Sambhajinagar,1982-11,104.3011,8.5443,18.36,94.1888,-17.247,44.8021,Statistical Outlier / Seasonal Extreme
CHIRPS,Chhatrapati Sambhajinagar,1984-01,5.361,1.9777,7.94,1.4331,-0.2415,4.9808,Statistical Outlier / Seasonal Extreme
CHIRPS,Chhatrapati Sambhajinagar,1985-02,3.7971,0.9223,13.22,1.8653,-0.131,2.3169,Statistical Outlier / Seasonal Extreme
CHIRPS,Chhatrapati Sambhajinagar,1985-03,1.3443,0.1758,4.65,0.5543,-5.5096,9.2021,Statistical Outlier / Seasonal Extreme
CHIRPS,Chhatrapati Sambhajinagar,1986-04,7.6941,0.2832,17.65,3.8924,-5.8843,9.8071,Statistical Outlier / Seasonal Extreme
CHIRPS,Chhatrapati Sambhajinagar,1986-12,9.4478,3.6045,6.78,3.9464,-5.7516,17.9554,Statistical Outlier / Seasonal Extreme
CHIRPS,Chhatrapati Sambhajinagar,1987-11,43.0948,8.5443,6.63,10.7989,-17.247,44.8021,Statistical Outlier / Seasonal Extreme
CHIRPS,Chhatrapati Sambhajinagar,1987-12,12.4508,3.6045,10.26,9.9662,-5.7516,17.9554,Statistical Outlier / Seasonal Extreme
CHIRPS,Chhatrapati Sambhajinagar,1988-03,5.7729,0.1758,22.28,3.613,-5.5096,9.2021,Statistical Outlier / Seasonal Extreme
CHIRPS,Chhatrapati Sambhajinagar,1988-04,3.97,0.2832,8.78,0.7767,-5.8843,9.8071,Statistical Outlier / Seasonal Extreme
CHIRPS,Chhatrapati Sambhajinagar,1988-07,356.2336,190.528,2.68,120.8935,41.8115,346.5357,Statistical Outlier / Seasonal Extreme
CHIRPS,Chhatrapati Sambhajinagar,1988-09,415.6785,151.0764,2.78,180.1202,-85.1688,406.2004,Extreme Monsoon Precipitation Event (Legitimate hydrometeorological peak)
CHIRPS,Chhatrapati Sambhajinagar,1989-01,5.8225,1.9777,9.02,3.8554,-0.2415,4.9808,Statistical Outlier / Seasonal Extreme
CHIRPS,Chhatrapati Sambhajinagar,1989-03,1.3319,0.1758,4.6,0.934,-5.5096,9.2021,Statistical Outlier / Seasonal Extreme
CHIRPS,Chhatrapati Sambhajinagar,1990-05,126.1624,6.5935,17.97,33.1549,-18.4345,38.1964,Statistical Outlier / Seasonal Extreme
CHIRPS,Chhatrapati Sambhajinagar,1990-12,9.0653,3.6045,6.33,5.0339,-5.7516,17.9554,Statistical Outlier / Seasonal Extreme
CHIRPS,Chhatrapati Sambhajinagar,1991-04,3.93,0.2832,8.68,2.7463,-5.8843,9.8071,Statistical Outlier / Seasonal Extreme
CHIRPS,Chhatrapati Sambhajinagar,1993-12,37.7293,3.6045,39.57,32.6406,-5.7516,17.9554,Statistical Outlier / Seasonal Extreme
CHIRPS,Chhatrapati Sambhajinagar,1994-05,31.6948,6.5935,3.77,39.0134,-18.4345,38.1964,Statistical Outlier / Seasonal Extreme
CHIRPS,Chhatrapati Sambhajinagar,1995-01,5.0652,1.9777,7.25,1.8731,-0.2415,4.9808,Statistical Outlier / Seasonal Extreme
CHIRPS,Chhatrapati Sambhajinagar,1995-03,1.6852,0.1758,6.01,0.4142,-5.5096,9.2021,Statistical Outlier / Seasonal Extreme
CHIRPS,Chhatrapati Sambhajinagar,1997-11,99.954,8.5443,17.53,35.1699,-17.247,44.8021,Statistical Outlier / Seasonal Extreme
CHIRPS,Chhatrapati Sambhajinagar,1997-12,90.2636,3.6045,100.48,39.5144,-5.7516,17.9554,Statistical Outlier / Seasonal Extreme
CHIRPS,Chhatrapati Sambhajinagar,1998-11,50.3205,8.5443,8.01,9.4738,-17.247,44.8021,Statistical Outlier / Seasonal Extreme
CHIRPS,Chhatrapati Sambhajinagar,1999-02,9.6431,0.9223,40.09,8.7581,-0.131,2.3169,Statistical Outlier / Seasonal Extreme
CHIRPS,Chhatrapati Sambhajinagar,1999-05,67.7638,6.5935,9.19,46.1889,-18.4345,38.1964,Statistical Outlier / Seasonal Extreme
CHIRPS,Chhatrapati Sambhajinagar,2000-05,99.3909,6.5935,13.95,1.1478,-18.4345,38.1964,Statistical Outlier / Seasonal Extreme
CHIRPS,Chhatrapati Sambhajinagar,2002-02,2.5884,0.9223,7.66,1.2591,-0.131,2.3169,Statistical Outlier / Seasonal Extreme
CHIRPS,Chhatrapati Sambhajinagar,2002-04,14.7156,0.2832,34.37,11.3858,-5.8843,9.8071,Statistical Outlier / Seasonal Extreme
CHIRPS,Chhatrapati Sambhajinagar,2002-07,20.9008,190.528,2.74,184.182,41.8115,346.5357,Statistical Outlier / Seasonal Extreme
CHIRPS,Chhatrapati Sambhajinagar,2003-01,5.9762,1.9777,9.38,3.4631,-0.2415,4.9808,Statistical Outlier / Seasonal Extreme
CHIRPS,Chhatrapati Sambhajinagar,2003-02,1.8958,0.9223,4.47,1.0954,-0.131,2.3169,Statistical Outlier / Seasonal Extreme
CHIRPS,Chhatrapati Sambhajinagar,2003-04,4.2015,0.2832,9.33,3.2246,-5.8843,9.8071,Statistical Outlier / Seasonal Extreme
CHIRPS,Chhatrapati Sambhajinagar,2004-04,1.7818,0.2832,3.57,18.6828,-5.8843,9.8071,Statistical Outlier / Seasonal Extreme
CHIRPS,Chhatrapati Sambhajinagar,2004-05,40.9219,6.5935,5.16,0.9754,-18.4345,38.1964,Statistical Outlier / Seasonal Extreme
CHIRPS,Chhatrapati Sambhajinagar,2005-03,4.4071,0.1758,16.85,0.0386,-5.5096,9.2021,Statistical Outlier / Seasonal Extreme
CHIRPS,Chhatrapati Sambhajinagar,2005-04,7.9327,0.2832,18.22,4.2232,-5.8843,9.8071,Statistical Outlier / Seasonal Extreme
CHIRPS,Chhatrapati Sambhajinagar,2005-07,349.4665,190.528,2.57,254.237,41.8115,346.5357,Statistical Outlier / Seasonal Extreme
CHIRPS,Chhatrapati Sambhajinagar,2006-03,8.0971,0.1758,31.54,7.711,-5.5096,9.2021,Statistical Outlier / Seasonal Extreme
CHIRPS,Chhatrapati Sambhajinagar,2006-05,61.0338,6.5935,8.18,23.7442,-18.4345,38.1964,Statistical Outlier / Seasonal Extreme
CHIRPS,Chhatrapati Sambhajinagar,2006-11,30.889,8.5443,4.28,8.1934,-17.247,44.8021,Statistical Outlier / Seasonal Extreme
CHIRPS,Chhatrapati Sambhajinagar,2007-12,6.8058,3.6045,3.71,1.6586,-5.7516,17.9554,Statistical Outlier / Seasonal Extreme
CHIRPS,Chhatrapati Sambhajinagar,2008-03,3.7206,0.1758,14.11,2.4129,-5.5096,9.2021,Statistical Outlier / Seasonal Extreme
CHIRPS,Chhatrapati Sambhajinagar,2008-04,1.8364,0.2832,3.7,0.8138,-5.8843,9.8071,Statistical Outlier / Seasonal Extreme
CHIRPS,Chhatrapati Sambhajinagar,2008-12,15.6551,3.6045,13.97,11.3388,-5.7516,17.9554,Statistical Outlier / Seasonal Extreme
CHIRPS,Chhatrapati Sambhajinagar,2009-03,6.7309,0.1758,26.1,5.6282,-5.5096,9.2021,Statistical Outlier / Seasonal Extreme
CHIRPS,Chhatrapati Sambhajinagar,2009-11,142.2415,8.5443,25.64,107.1737,-17.247,44.8021,Statistical Outlier / Seasonal Extreme
CHIRPS,Chhatrapati Sambhajinagar,2010-02,2.3497,0.9223,6.56,0.7213,-0.131,2.3169,Statistical Outlier / Seasonal Extreme
CHIRPS,Chhatrapati Sambhajinagar,2010-03,3.8729,0.1758,14.72,0.4431,-5.5096,9.2021,Statistical Outlier / Seasonal Extreme
CHIRPS,Chhatrapati Sambhajinagar,2010-04,6.2822,0.2832,14.29,0.9083,-5.8843,9.8071,Statistical Outlier / Seasonal Extreme
CHIRPS,Chhatrapati Sambhajinagar,2010-11,83.778,8.5443,14.43,27.7895,-17.247,44.8021,Statistical Outlier / Seasonal Extreme
CHIRPS,Chhatrapati Sambhajinagar,2012-04,5.9312,0.2832,13.45,2.7941,-5.8843,9.8071,Statistical Outlier / Seasonal Extreme
CHIRPS,Chhatrapati Sambhajinagar,2013-06,364.6051,156.3416,2.64,246.0403,-58.2972,341.2235,Statistical Outlier / Seasonal Extreme
CHIRPS,Chhatrapati Sambhajinagar,2013-12,7.6197,3.6045,4.66,5.3505,-5.7516,17.9554,Statistical Outlier / Seasonal Extreme
CHIRPS,Chhatrapati Sambhajinagar,2014-01,4.4068,1.9777,5.7,0.1328,-0.2415,4.9808,Statistical Outlier / Seasonal Extreme
CHIRPS,Chhatrapati Sambhajinagar,2014-03,15.1584,0.1758,59.65,12.9938,-5.5096,9.2021,Statistical Outlier / Seasonal Extreme
CHIRPS,Chhatrapati Sambhajinagar,2014-04,2.8697,0.2832,6.16,7.1703,-5.8843,9.8071,Statistical Outlier / Seasonal Extreme
CHIRPS,Chhatrapati Sambhajinagar,2014-11,67.1927,8.5443,11.25,57.0031,-17.247,44.8021,Statistical Outlier / Seasonal Extreme
CHIRPS,Chhatrapati Sambhajinagar,2014-12,10.365,3.6045,7.84,24.7567,-5.7516,17.9554,Statistical Outlier / Seasonal Extreme
CHIRPS,Chhatrapati Sambhajinagar,2015-03,24.3784,0.1758,96.36,22.792,-5.5096,9.2021,Statistical Outlier / Seasonal Extreme
CHIRPS,Chhatrapati Sambhajinagar,2015-04,2.1624,0.2832,4.47,14.3682,-5.8843,9.8071,Statistical Outlier / Seasonal Extreme
CHIRPS,Chhatrapati Sambhajinagar,2015-11,30.8604,8.5443,4.28,6.1567,-17.247,44.8021,Statistical Outlier / Seasonal Extreme
CHIRPS,Chhatrapati Sambhajinagar,2016-02,3.5558,0.9223,12.11,0.8456,-0.131,2.3169,Statistical Outlier / Seasonal Extreme
CHIRPS,Chhatrapati Sambhajinagar,2016-03,3.579,0.1758,13.55,1.8011,-5.5096,9.2021,Statistical Outlier / Seasonal Extreme
CHIRPS,Chhatrapati Sambhajinagar,2017-12,17.819,3.6045,16.48,14.3226,-5.7516,17.9554,Statistical Outlier / Seasonal Extreme
CHIRPS,Chhatrapati Sambhajinagar,2018-02,10.46,0.9223,43.84,9.5287,-0.131,2.3169,Statistical Outlier / Seasonal Extreme
CHIRPS,Chhatrapati Sambhajinagar,2018-12,12.7644,3.6045,10.62,1.389,-5.7516,17.9554,Statistical Outlier / Seasonal Extreme
CHIRPS,Chhatrapati Sambhajinagar,2019-04,4.4278,0.2832,9.87,3.6511,-5.8843,9.8071,Statistical Outlier / Seasonal Extreme
CHIRPS,Chhatrapati Sambhajinagar,2020-03,6.2658,0.1758,24.25,5.7386,-5.5096,9.2021,Statistical Outlier / Seasonal Extreme
CHIRPS,Chhatrapati Sambhajinagar,2021-04,9.552,0.2832,22.07,22.6735,-5.8843,9.8071,Statistical Outlier / Seasonal Extreme
CHIRPS,Chhatrapati Sambhajinagar,2021-05,64.3989,6.5935,8.69,22.647,-18.4345,38.1964,Statistical Outlier / Seasonal Extreme
CHIRPS,Chhatrapati Sambhajinagar,2021-12,22.9326,3.6045,22.41,18.3437,-5.7516,17.9554,Statistical Outlier / Seasonal Extreme
CHIRPS,Chhatrapati Sambhajinagar,2022-12,8.4549,3.6045,5.62,4.6207,-5.7516,17.9554,Statistical Outlier / Seasonal Extreme
CHIRPS,Chhatrapati Sambhajinagar,2023-01,3.6308,1.9777,3.88,0.9858,-0.2415,4.9808,Statistical Outlier / Seasonal Extreme
CHIRPS,Chhatrapati Sambhajinagar,2023-03,8.5693,0.1758,33.42,3.1078,-5.5096,9.2021,Statistical Outlier / Seasonal Extreme
CHIRPS,Chhatrapati Sambhajinagar,2023-04,22.5758,0.2832,53.08,15.6022,-5.8843,9.8071,Statistical Outlier / Seasonal Extreme
CHIRPS,Chhatrapati Sambhajinagar,2023-11,73.9329,8.5443,12.54,67.1619,-17.247,44.8021,Statistical Outlier / Seasonal Extreme
CHIRPS,Chhatrapati Sambhajinagar,2023-12,7.4613,3.6045,4.47,31.3464,-5.7516,17.9554,Statistical Outlier / Seasonal Extreme
CHIRPS,Chhatrapati Sambhajinagar,2024-01,3.6824,1.9777,4.0,1.7742,-0.2415,4.9808,Statistical Outlier / Seasonal Extreme
CHIRPS,Chhatrapati Sambhajinagar,2024-02,3.4519,0.9223,11.63,1.5604,-0.131,2.3169,Statistical Outlier / Seasonal Extreme
CHIRPS,Chhatrapati Sambhajinagar,2024-04,3.9014,0.2832,8.62,0.1365,-5.8843,9.8071,Statistical Outlier / Seasonal Extreme
CHIRPS,Chhatrapati Sambhajinagar,2024-12,9.1733,3.6045,6.46,4.05,-5.7516,17.9554,Statistical Outlier / Seasonal Extreme
CHIRPS,Chhatrapati Sambhajinagar,2025-05,257.384,6.5935,37.7,189.1346,-18.4345,38.1964,Statistical Outlier / Seasonal Extreme
CHIRPS,Chhatrapati Sambhajinagar,2026-03,10.3045,0.1758,40.32,5.0923,-5.5096,9.2021,Statistical Outlier / Seasonal Extreme
CHIRPS,Chhatrapati Sambhajinagar,2026-04,9.5329,0.2832,22.03,2.3612,-5.8843,9.8071,Statistical Outlier / Seasonal Extreme
CHIRPS,Dharashiv,1981-01,51.9963,0.471,319.83,,-0.4263,1.6966,Statistical Outlier / Seasonal Extreme
CHIRPS,Dharashiv,1981-02,0.1428,1.1994,14.63,26.4445,0.4839,2.2789,Statistical Outlier / Seasonal Extreme
CHIRPS,Dharashiv,1981-12,17.7457,4.0479,4.01,12.86,-8.0153,19.1386,Statistical Outlier / Seasonal Extreme
CHIRPS,Dharashiv,1982-01,1.7979,0.471,8.24,7.6806,-0.4263,1.6966,Statistical Outlier / Seasonal Extreme
CHIRPS,Dharashiv,1982-11,85.7146,9.4537,9.66,61.6497,-33.0117,68.5938,Statistical Outlier / Seasonal Extreme
CHIRPS,Dharashiv,1983-01,4.4243,0.471,24.54,2.2033,-0.4263,1.6966,Statistical Outlier / Seasonal Extreme
CHIRPS,Dharashiv,1984-02,3.2375,1.1994,28.22,6.5647,0.4839,2.2789,Statistical Outlier / Seasonal Extreme
CHIRPS,Dharashiv,1984-03,18.9992,1.15,18.78,12.486,-6.6552,12.652,Statistical Outlier / Seasonal Extreme
CHIRPS,Dharashiv,1985-01,2.809,0.471,14.51,4.1463,-0.4263,1.6966,Statistical Outlier / Seasonal Extreme
CHIRPS,Dharashiv,1985-02,8.9445,1.1994,107.24,3.7045,0.4839,2.2789,Statistical Outlier / Seasonal Extreme
CHIRPS,Dharashiv,1985-03,7.671,1.15,6.86,1.2432,-6.6552,12.652,Statistical Outlier / Seasonal Extreme
CHIRPS,Dharashiv,1987-05,123.676,25.1735,3.44,66.0383,-50.4261,101.1686,Statistical Outlier / Seasonal Extreme
CHIRPS,Dharashiv,1987-11,90.9979,9.4537,10.33,1.377,-33.0117,68.5938,Statistical Outlier / Seasonal Extreme
CHIRPS,Dharashiv,1988-02,0.7738,1.1994,5.89,2.7939,0.4839,2.2789,Statistical Outlier / Seasonal Extreme
CHIRPS,Dharashiv,1988-03,6.7669,1.15,5.91,0.7592,-6.6552,12.652,Statistical Outlier / Seasonal Extreme
CHIRPS,Dharashiv,1989-01,1.3636,0.471,5.54,6.8381,-0.4263,1.6966,Statistical Outlier / Seasonal Extreme
CHIRPS,Dharashiv,1990-05,129.8788,25.1735,3.66,27.2479,-50.4261,101.1686,Statistical Outlier / Seasonal Extreme
CHIRPS,Dharashiv,1993-12,47.6255,4.0479,12.75,42.0495,-8.0153,19.1386,Statistical Outlier / Seasonal Extreme
CHIRPS,Dharashiv,1994-02,2.8597,1.1994,22.99,2.045,0.4839,2.2789,Statistical Outlier / Seasonal Extreme
CHIRPS,Dharashiv,1995-02,2.896,1.1994,23.49,3.7386,0.4839,2.2789,Statistical Outlier / Seasonal Extreme
CHIRPS,Dharashiv,1995-03,12.3686,1.15,11.8,9.158,-6.6552,12.652,Statistical Outlier / Seasonal Extreme
CHIRPS,Dharashiv,1997-11,105.5684,9.4537,12.17,39.5574,-33.0117,68.5938,Statistical Outlier / Seasonal Extreme
CHIRPS,Dharashiv,1997-12,56.6091,4.0479,15.38,3.2223,-8.0153,19.1386,Statistical Outlier / Seasonal Extreme
CHIRPS,Dharashiv,1998-01,1.2052,0.471,4.56,27.6779,-0.4263,1.6966,Statistical Outlier / Seasonal Extreme
CHIRPS,Dharashiv,1999-02,1.8033,1.1994,8.36,1.234,0.4839,2.2789,Statistical Outlier / Seasonal Extreme
CHIRPS,Dharashiv,1999-05,122.6459,25.1735,3.4,34.8256,-50.4261,101.1686,Statistical Outlier / Seasonal Extreme
CHIRPS,Dharashiv,2001-01,1.9999,0.471,9.49,0.2553,-0.4263,1.6966,Statistical Outlier / Seasonal Extreme
CHIRPS,Dharashiv,2002-02,1.597,1.1994,5.51,0.7138,0.4839,2.2789,Statistical Outlier / Seasonal Extreme
CHIRPS,Dharashiv,2003-01,6.3437,0.471,36.45,3.5002,-0.4263,1.6966,Statistical Outlier / Seasonal Extreme
CHIRPS,Dharashiv,2003-02,1.6087,1.1994,5.67,2.8251,0.4839,2.2789,Statistical Outlier / Seasonal Extreme
CHIRPS,Dharashiv,2005-03,5.8717,1.15,4.97,22.4432,-6.6552,12.652,Statistical Outlier / Seasonal Extreme
CHIRPS,Dharashiv,2005-04,55.4691,8.5353,4.7,37.7713,-25.243,49.8616,Statistical Outlier / Seasonal Extreme
CHIRPS,Dharashiv,2006-01,1.1146,0.471,4.0,1.4069,-0.4263,1.6966,Statistical Outlier / Seasonal Extreme
CHIRPS,Dharashiv,2006-11,75.8188,9.4537,8.41,58.923,-33.0117,68.5938,Statistical Outlier / Seasonal Extreme
CHIRPS,Dharashiv,2008-03,50.2018,1.15,51.6,44.978,-6.6552,12.652,Statistical Outlier / Seasonal Extreme
CHIRPS,Dharashiv,2008-11,37.4524,9.4537,3.55,14.6489,-33.0117,68.5938,Statistical Outlier / Seasonal Extreme
CHIRPS,Dharashiv,2009-03,4.6529,1.15,3.68,1.7566,-6.6552,12.652,Statistical Outlier / Seasonal Extreme
CHIRPS,Dharashiv,2009-11,48.7717,9.4537,4.98,5.7054,-33.0117,68.5938,Statistical Outlier / Seasonal Extreme
CHIRPS,Dharashiv,2010-01,4.822,0.471,27.01,2.1072,-0.4263,1.6966,Statistical Outlier / Seasonal Extreme
CHIRPS,Dharashiv,2010-02,1.7619,1.1994,7.79,10.2231,0.4839,2.2789,Statistical Outlier / Seasonal Extreme
CHIRPS,Dharashiv,2010-03,19.148,1.15,18.93,9.5643,-6.6552,12.652,Statistical Outlier / Seasonal Extreme
CHIRPS,Dharashiv,2010-11,49.3843,9.4537,5.06,3.9159,-33.0117,68.5938,Statistical Outlier / Seasonal Extreme
CHIRPS,Dharashiv,2010-12,16.8545,4.0479,3.75,8.0183,-8.0153,19.1386,Statistical Outlier / Seasonal Extreme
CHIRPS,Dharashiv,2011-04,48.2559,8.5353,3.98,43.7977,-25.243,49.8616,Statistical Outlier / Seasonal Extreme
CHIRPS,Dharashiv,2012-02,1.5475,1.1994,4.82,0.9661,0.4839,2.2789,Statistical Outlier / Seasonal Extreme
CHIRPS,Dharashiv,2013-02,1.673,1.1994,6.56,0.9104,0.4839,2.2789,Statistical Outlier / Seasonal Extreme
CHIRPS,Dharashiv,2014-02,5.6695,1.1994,61.89,4.8343,0.4839,2.2789,Statistical Outlier / Seasonal Extreme
CHIRPS,Dharashiv,2014-03,20.5352,1.15,20.39,1.4311,-6.6552,12.652,Statistical Outlier / Seasonal Extreme
CHIRPS,Dharashiv,2014-11,54.8906,9.4537,5.75,28.8156,-33.0117,68.5938,Statistical Outlier / Seasonal Extreme
CHIRPS,Dharashiv,2015-03,7.2356,1.15,6.4,4.0547,-6.6552,12.652,Statistical Outlier / Seasonal Extreme
CHIRPS,Dharashiv,2016-02,4.1142,1.1994,40.36,0.4372,0.4839,2.2789,Statistical Outlier / Seasonal Extreme
CHIRPS,Dharashiv,2016-03,8.6331,1.15,7.87,2.6824,-6.6552,12.652,Statistical Outlier / Seasonal Extreme
CHIRPS,Dharashiv,2018-02,15.4202,1.1994,196.9,14.2052,0.4839,2.2789,Statistical Outlier / Seasonal Extreme
CHIRPS,Dharashiv,2019-03,4.8794,1.15,3.92,3.0352,-6.6552,12.652,Statistical Outlier / Seasonal Extreme
CHIRPS,Dharashiv,2023-03,10.1041,1.15,9.42,10.7208,-6.6552,12.652,Statistical Outlier / Seasonal Extreme
CHIRPS,Dharashiv,2023-11,41.2536,9.4537,4.03,23.9658,-33.0117,68.5938,Statistical Outlier / Seasonal Extreme
CHIRPS,Dharashiv,2023-12,16.1779,4.0479,3.55,4.6473,-8.0153,19.1386,Statistical Outlier / Seasonal Extreme
CHIRPS,Dharashiv,2024-02,1.7332,1.1994,7.39,1.1595,0.4839,2.2789,Statistical Outlier / Seasonal Extreme
CHIRPS,Dharashiv,2025-05,295.9689,25.1735,9.46,259.0783,-50.4261,101.1686,Statistical Outlier / Seasonal Extreme
CHIRPS,Dharashiv,2026-03,5.5893,1.15,4.67,10.7076,-6.6552,12.652,Statistical Outlier / Seasonal Extreme
CHIRPS,Hingoli,1981-01,33.701,3.7059,24.5,,0.2384,7.3118,Statistical Outlier / Seasonal Extreme
CHIRPS,Hingoli,1981-03,30.5159,2.6878,18.13,30.3634,-11.2622,23.9624,Statistical Outlier / Seasonal Extreme
CHIRPS,Hingoli,1981-12,25.4209,7.2419,6.83,17.8591,-5.7594,24.5727,Statistical Outlier / Seasonal Extreme
CHIRPS,Hingoli,1982-01,8.4234,3.7059,3.85,5.724,0.2384,7.3118,Statistical Outlier / Seasonal Extreme
CHIRPS,Hingoli,1982-11,62.0395,8.712,6.96,51.1732,-20.9506,46.7179,Statistical Outlier / Seasonal Extreme
CHIRPS,Hingoli,1983-12,27.6858,7.2419,7.68,23.5259,-5.7594,24.5727,Statistical Outlier / Seasonal Extreme
CHIRPS,Hingoli,1985-01,7.7581,3.7059,3.31,7.8793,0.2384,7.3118,Statistical Outlier / Seasonal Extreme
CHIRPS,Hingoli,1985-02,25.0842,1.7838,30.38,14.1394,-0.5324,4.319,Statistical Outlier / Seasonal Extreme
CHIRPS,Hingoli,1985-03,14.1315,2.6878,7.45,1.5886,-11.2622,23.9624,Statistical Outlier / Seasonal Extreme
CHIRPS,Hingoli,1987-11,103.9878,8.712,12.44,46.7433,-20.9506,46.7179,Statistical Outlier / Seasonal Extreme
CHIRPS,Hingoli,1988-03,12.9362,2.6878,6.68,5.8835,-11.2622,23.9624,Statistical Outlier / Seasonal Extreme
CHIRPS,Hingoli,1990-05,168.8993,9.8977,15.94,40.7176,-21.0603,45.8049,Statistical Outlier / Seasonal Extreme
CHIRPS,Hingoli,1990-06,416.6778,179.4538,3.11,227.999,-21.9935,383.3499,Extreme Monsoon Precipitation Event (Legitimate hydrometeorological peak)
CHIRPS,Hingoli,1990-12,23.4228,7.2419,6.08,18.577,-5.7594,24.5727,Statistical Outlier / Seasonal Extreme
CHIRPS,Hingoli,1993-12,51.6282,7.2419,16.66,47.0723,-5.7594,24.5727,Statistical Outlier / Seasonal Extreme
CHIRPS,Hingoli,1995-01,8.8998,3.7059,4.24,5.1493,0.2384,7.3118,Statistical Outlier / Seasonal Extreme
CHIRPS,Hingoli,1995-03,81.262,2.6878,51.18,77.6206,-11.2622,23.9624,Statistical Outlier / Seasonal Extreme
CHIRPS,Hingoli,1997-11,73.7438,8.712,8.49,7.12,-20.9506,46.7179,Statistical Outlier / Seasonal Extreme
CHIRPS,Hingoli,1997-12,25.9555,7.2419,7.03,12.0076,-5.7594,24.5727,Statistical Outlier / Seasonal Extreme
CHIRPS,Hingoli,1998-11,53.9444,8.712,5.91,8.1268,-20.9506,46.7179,Statistical Outlier / Seasonal Extreme
CHIRPS,Hingoli,1999-02,23.537,1.7838,28.36,21.3315,-0.5324,4.319,Statistical Outlier / Seasonal Extreme
CHIRPS,Hingoli,1999-05,57.3108,9.8977,4.75,43.4237,-21.0603,45.8049,Statistical Outlier / Seasonal Extreme
CHIRPS,Hingoli,2000-05,74.788,9.8977,6.5,38.4591,-21.0603,45.8049,Statistical Outlier / Seasonal Extreme
CHIRPS,Hingoli,2001-01,12.9185,3.7059,7.53,9.182,0.2384,7.3118,Statistical Outlier / Seasonal Extreme
CHIRPS,Hingoli,2003-01,13.7619,3.7059,8.21,9.6225,0.2384,7.3118,Statistical Outlier / Seasonal Extreme
CHIRPS,Hingoli,2005-01,8.337,3.7059,3.78,4.5972,0.2384,7.3118,Statistical Outlier / Seasonal Extreme
CHIRPS,Hingoli,2005-03,28.3912,2.6878,16.74,14.4866,-11.2622,23.9624,Statistical Outlier / Seasonal Extreme
CHIRPS,Hingoli,2005-04,26.0661,3.8924,3.87,7.9137,-19.0429,32.1249,Statistical Outlier / Seasonal Extreme
CHIRPS,Hingoli,2005-07,558.9705,289.4326,2.71,366.8248,18.2631,551.4424,Extreme Monsoon Precipitation Event (Legitimate hydrometeorological peak)
CHIRPS,Hingoli,2006-03,59.4549,2.6878,36.97,58.8081,-11.2622,23.9624,Statistical Outlier / Seasonal Extreme
CHIRPS,Hingoli,2006-05,66.0482,9.8977,5.63,7.9378,-21.0603,45.8049,Statistical Outlier / Seasonal Extreme
CHIRPS,Hingoli,2008-03,48.8025,2.6878,30.04,45.0968,-11.2622,23.9624,Statistical Outlier / Seasonal Extreme
CHIRPS,Hingoli,2008-11,36.9649,8.712,3.69,24.2209,-20.9506,46.7179,Statistical Outlier / Seasonal Extreme
CHIRPS,Hingoli,2009-11,60.2383,8.712,6.73,26.7532,-20.9506,46.7179,Statistical Outlier / Seasonal Extreme
CHIRPS,Hingoli,2010-01,8.6965,3.7059,4.08,3.4089,0.2384,7.3118,Statistical Outlier / Seasonal Extreme
CHIRPS,Hingoli,2010-03,11.3618,2.6878,5.65,6.789,-11.2622,23.9624,Statistical Outlier / Seasonal Extreme
CHIRPS,Hingoli,2010-11,43.336,8.712,4.52,6.9257,-20.9506,46.7179,Statistical Outlier / Seasonal Extreme
CHIRPS,Hingoli,2011-04,41.6628,3.8924,6.6,30.9443,-19.0429,32.1249,Statistical Outlier / Seasonal Extreme
CHIRPS,Hingoli,2013-03,8.9272,2.6878,4.06,1.0128,-11.2622,23.9624,Statistical Outlier / Seasonal Extreme
CHIRPS,Hingoli,2013-06,404.6236,179.4538,2.95,189.8196,-21.9935,383.3499,Extreme Monsoon Precipitation Event (Legitimate hydrometeorological peak)
CHIRPS,Hingoli,2014-02,6.2889,1.7838,5.87,20.164,-0.5324,4.319,Statistical Outlier / Seasonal Extreme
CHIRPS,Hingoli,2014-03,49.2275,2.6878,30.31,36.2217,-11.2622,23.9624,Statistical Outlier / Seasonal Extreme
CHIRPS,Hingoli,2015-01,8.4759,3.7059,3.9,3.1156,0.2384,7.3118,Statistical Outlier / Seasonal Extreme
CHIRPS,Hingoli,2016-02,16.4756,1.7838,19.15,9.3357,-0.5324,4.319,Statistical Outlier / Seasonal Extreme
CHIRPS,Hingoli,2016-03,11.4438,2.6878,5.7,2.7799,-11.2622,23.9624,Statistical Outlier / Seasonal Extreme
CHIRPS,Hingoli,2018-02,34.4381,1.7838,42.57,31.9479,-0.5324,4.319,Statistical Outlier / Seasonal Extreme
CHIRPS,Hingoli,2020-03,17.4312,2.6878,9.6,16.3803,-11.2622,23.9624,Statistical Outlier / Seasonal Extreme
CHIRPS,Hingoli,2021-12,16.8542,7.2419,3.61,8.0778,-5.7594,24.5727,Statistical Outlier / Seasonal Extreme
CHIRPS,Hingoli,2022-07,562.1073,289.4326,2.74,295.9708,18.2631,551.4424,Extreme Monsoon Precipitation Event (Legitimate hydrometeorological peak)
CHIRPS,Hingoli,2022-12,17.8464,7.2419,3.98,13.9612,-5.7594,24.5727,Statistical Outlier / Seasonal Extreme
CHIRPS,Hingoli,2023-03,22.2295,2.6878,12.73,5.4006,-11.2622,23.9624,Statistical Outlier / Seasonal Extreme
CHIRPS,Hingoli,2023-04,54.0102,3.8924,8.75,37.5471,-19.0429,32.1249,Statistical Outlier / Seasonal Extreme
CHIRPS,Hingoli,2023-11,50.6587,8.712,5.48,38.1946,-20.9506,46.7179,Statistical Outlier / Seasonal Extreme
CHIRPS,Hingoli,2023-12,20.1601,7.2419,4.85,7.3258,-5.7594,24.5727,Statistical Outlier / Seasonal Extreme
CHIRPS,Hingoli,2024-04,45.5862,3.8924,7.28,40.0221,-19.0429,32.1249,Statistical Outlier / Seasonal Extreme
CHIRPS,Hingoli,2025-05,205.7588,9.8977,19.63,138.7632,-21.0603,45.8049,Statistical Outlier / Seasonal Extreme
CHIRPS,Jalna,1981-01,32.4436,2.425,41.9,,-0.4419,6.029,Statistical Outlier / Seasonal Extreme
CHIRPS,Jalna,1981-03,12.2564,0.2675,38.09,11.8744,-13.2896,22.3241,Statistical Outlier / Seasonal Extreme
CHIRPS,Jalna,1981-12,21.9814,4.8301,6.14,11.4868,-3.2128,13.5987,Statistical Outlier / Seasonal Extreme
CHIRPS,Jalna,1982-01,13.7888,2.425,15.86,2.1885,-0.4419,6.029,Statistical Outlier / Seasonal Extreme
CHIRPS,Jalna,1982-11,87.5084,9.0671,9.95,79.1012,-17.6054,40.8825,Statistical Outlier / Seasonal Extreme
CHIRPS,Jalna,1983-09,354.5809,153.4115,2.63,201.7213,-37.2467,352.2281,Statistical Outlier / Seasonal Extreme
CHIRPS,Jalna,1983-12,17.4059,4.8301,4.5,13.6973,-3.2128,13.5987,Statistical Outlier / Seasonal Extreme
CHIRPS,Jalna,1984-02,1.8204,0.9134,4.04,0.7561,-0.4052,2.7413,Statistical Outlier / Seasonal Extreme
CHIRPS,Jalna,1985-02,8.0064,0.9134,31.59,2.6593,-0.4052,2.7413,Statistical Outlier / Seasonal Extreme
CHIRPS,Jalna,1985-03,5.8763,0.2675,17.82,1.8731,-13.2896,22.3241,Statistical Outlier / Seasonal Extreme
CHIRPS,Jalna,1986-02,1.7151,0.9134,3.57,0.6319,-0.4052,2.7413,Statistical Outlier / Seasonal Extreme
CHIRPS,Jalna,1986-04,12.3788,1.1272,6.73,10.0644,-10.9374,18.229,Statistical Outlier / Seasonal Extreme
CHIRPS,Jalna,1987-05,37.9727,4.5967,7.26,38.1925,-18.4,38.0448,Statistical Outlier / Seasonal Extreme
CHIRPS,Jalna,1987-11,42.5859,9.0671,4.25,18.4534,-17.6054,40.8825,Statistical Outlier / Seasonal Extreme
CHIRPS,Jalna,1988-03,12.7032,0.2675,39.5,7.6464,-13.2896,22.3241,Statistical Outlier / Seasonal Extreme
CHIRPS,Jalna,1988-04,9.3015,1.1272,4.89,1.5696,-10.9374,18.229,Statistical Outlier / Seasonal Extreme
CHIRPS,Jalna,1988-09,400.1421,153.4115,3.23,202.3986,-37.2467,352.2281,Extreme Monsoon Precipitation Event (Legitimate hydrometeorological peak)
CHIRPS,Jalna,1989-01,5.3762,2.425,4.12,3.3443,-0.4419,6.029,Statistical Outlier / Seasonal Extreme
CHIRPS,Jalna,1989-03,3.3882,0.2675,9.91,3.0009,-13.2896,22.3241,Statistical Outlier / Seasonal Extreme
CHIRPS,Jalna,1990-05,161.5541,4.5967,34.16,8.7083,-18.4,38.0448,Statistical Outlier / Seasonal Extreme
CHIRPS,Jalna,1991-04,23.8008,1.1272,13.57,16.1206,-10.9374,18.229,Statistical Outlier / Seasonal Extreme
CHIRPS,Jalna,1993-12,53.4429,4.8301,17.4,49.2154,-3.2128,13.5987,Statistical Outlier / Seasonal Extreme
CHIRPS,Jalna,1995-01,5.9121,2.425,4.87,2.2867,-0.4419,6.029,Statistical Outlier / Seasonal Extreme
CHIRPS,Jalna,1995-03,9.8969,0.2675,30.59,7.4591,-13.2896,22.3241,Statistical Outlier / Seasonal Extreme
CHIRPS,Jalna,1997-11,82.9115,9.0671,9.37,20.8928,-17.6054,40.8825,Statistical Outlier / Seasonal Extreme
CHIRPS,Jalna,1997-12,72.9471,4.8301,24.38,30.7149,-3.2128,13.5987,Statistical Outlier / Seasonal Extreme
CHIRPS,Jalna,1998-11,41.3026,9.0671,4.09,22.1427,-17.6054,40.8825,Statistical Outlier / Seasonal Extreme
CHIRPS,Jalna,1999-02,11.5839,0.9134,47.52,10.3095,-0.4052,2.7413,Statistical Outlier / Seasonal Extreme
CHIRPS,Jalna,1999-05,72.5833,4.5967,14.8,27.5525,-18.4,38.0448,Statistical Outlier / Seasonal Extreme
CHIRPS,Jalna,2000-05,92.5175,4.5967,19.14,3.8949,-18.4,38.0448,Statistical Outlier / Seasonal Extreme
CHIRPS,Jalna,2002-02,2.5363,0.9134,7.23,1.0218,-0.4052,2.7413,Statistical Outlier / Seasonal Extreme
CHIRPS,Jalna,2002-04,19.2725,1.1272,10.86,16.956,-10.9374,18.229,Statistical Outlier / Seasonal Extreme
CHIRPS,Jalna,2003-01,8.3875,2.425,8.32,5.8066,-0.4419,6.029,Statistical Outlier / Seasonal Extreme
CHIRPS,Jalna,2004-05,48.6539,4.5967,9.59,0.9792,-18.4,38.0448,Statistical Outlier / Seasonal Extreme
CHIRPS,Jalna,2005-03,9.0768,0.2675,27.98,1.0224,-13.2896,22.3241,Statistical Outlier / Seasonal Extreme
CHIRPS,Jalna,2005-04,15.1907,1.1272,8.42,9.3152,-10.9374,18.229,Statistical Outlier / Seasonal Extreme
CHIRPS,Jalna,2006-03,21.834,0.2675,68.51,21.455,-13.2896,22.3241,Statistical Outlier / Seasonal Extreme
CHIRPS,Jalna,2006-05,81.9114,4.5967,16.83,6.6662,-18.4,38.0448,Statistical Outlier / Seasonal Extreme
CHIRPS,Jalna,2008-03,22.0629,0.2675,69.24,19.2382,-13.2896,22.3241,Statistical Outlier / Seasonal Extreme
CHIRPS,Jalna,2009-03,14.1155,0.2675,43.99,13.1317,-13.2896,22.3241,Statistical Outlier / Seasonal Extreme
CHIRPS,Jalna,2009-05,37.4431,4.5967,7.15,1.1753,-18.4,38.0448,Statistical Outlier / Seasonal Extreme
CHIRPS,Jalna,2009-11,86.4399,9.0671,9.82,49.8836,-17.6054,40.8825,Statistical Outlier / Seasonal Extreme
CHIRPS,Jalna,2010-02,2.0587,0.9134,5.1,4.1609,-0.4052,2.7413,Statistical Outlier / Seasonal Extreme
CHIRPS,Jalna,2010-03,9.437,0.2675,29.13,3.6915,-13.2896,22.3241,Statistical Outlier / Seasonal Extreme
CHIRPS,Jalna,2010-04,9.4322,1.1272,4.97,3.6986,-10.9374,18.229,Statistical Outlier / Seasonal Extreme
CHIRPS,Jalna,2010-11,81.3037,9.0671,9.17,28.7001,-17.6054,40.8825,Statistical Outlier / Seasonal Extreme
CHIRPS,Jalna,2012-04,8.2634,1.1272,4.27,2.191,-10.9374,18.229,Statistical Outlier / Seasonal Extreme
CHIRPS,Jalna,2013-06,349.0971,151.68,2.82,210.4789,-45.0689,340.8621,Statistical Outlier / Seasonal Extreme
CHIRPS,Jalna,2014-02,1.9996,0.9134,4.84,17.6099,-0.4052,2.7413,Statistical Outlier / Seasonal Extreme
CHIRPS,Jalna,2014-03,35.6164,0.2675,112.29,29.9722,-13.2896,22.3241,Statistical Outlier / Seasonal Extreme
CHIRPS,Jalna,2014-04,9.2887,1.1272,4.88,9.6708,-10.9374,18.229,Statistical Outlier / Seasonal Extreme
CHIRPS,Jalna,2014-11,65.8033,9.0671,7.2,58.7982,-17.6054,40.8825,Statistical Outlier / Seasonal Extreme
CHIRPS,Jalna,2015-02,1.7665,0.9134,3.8,13.204,-0.4052,2.7413,Statistical Outlier / Seasonal Extreme
CHIRPS,Jalna,2015-03,26.3326,0.2675,82.8,22.9664,-13.2896,22.3241,Statistical Outlier / Seasonal Extreme
CHIRPS,Jalna,2016-02,5.2347,0.9134,19.25,0.0003,-0.4052,2.7413,Statistical Outlier / Seasonal Extreme
CHIRPS,Jalna,2016-03,8.4574,0.2675,26.02,5.8401,-13.2896,22.3241,Statistical Outlier / Seasonal Extreme
CHIRPS,Jalna,2018-02,15.9782,0.9134,67.09,14.9358,-0.4052,2.7413,Statistical Outlier / Seasonal Extreme
CHIRPS,Jalna,2020-03,8.6455,0.2675,26.61,7.9291,-13.2896,22.3241,Statistical Outlier / Seasonal Extreme
CHIRPS,Jalna,2021-04,7.4282,1.1272,3.77,18.8336,-10.9374,18.229,Statistical Outlier / Seasonal Extreme
CHIRPS,Jalna,2021-05,52.414,4.5967,10.41,52.7012,-18.4,38.0448,Statistical Outlier / Seasonal Extreme
CHIRPS,Jalna,2023-03,13.1388,0.2675,40.89,6.6229,-13.2896,22.3241,Statistical Outlier / Seasonal Extreme
CHIRPS,Jalna,2023-04,38.7564,1.1272,22.52,30.0604,-10.9374,18.229,Statistical Outlier / Seasonal Extreme
CHIRPS,Jalna,2023-11,56.3193,9.0671,6.0,49.9212,-17.6054,40.8825,Statistical Outlier / Seasonal Extreme
CHIRPS,Jalna,2024-02,4.4779,0.9134,15.87,2.1594,-0.4052,2.7413,Statistical Outlier / Seasonal Extreme
CHIRPS,Jalna,2024-04,15.391,1.1272,8.54,13.2622,-10.9374,18.229,Statistical Outlier / Seasonal Extreme
CHIRPS,Jalna,2025-05,251.2943,4.5967,53.7,192.0288,-18.4,38.0448,Statistical Outlier / Seasonal Extreme
CHIRPS,Jalna,2026-03,11.7218,0.2675,36.39,1.363,-13.2896,22.3241,Statistical Outlier / Seasonal Extreme
CHIRPS,Jalna,2026-04,19.9081,1.1272,11.24,5.308,-10.9374,18.229,Statistical Outlier / Seasonal Extreme
CHIRPS,Latur,1981-01,42.4655,1.5782,103.07,,0.0101,3.5822,Statistical Outlier / Seasonal Extreme
CHIRPS,Latur,1981-02,0.1253,1.3809,11.04,23.1906,0.4993,2.6794,Statistical Outlier / Seasonal Extreme
CHIRPS,Latur,1981-12,15.0203,3.1629,4.35,11.2135,-13.9062,27.4918,Statistical Outlier / Seasonal Extreme
CHIRPS,Latur,1982-11,81.6059,6.8635,12.86,59.0971,-36.5601,71.9307,Statistical Outlier / Seasonal Extreme
CHIRPS,Latur,1983-12,18.2694,3.1629,5.55,15.8334,-13.9062,27.4918,Statistical Outlier / Seasonal Extreme
CHIRPS,Latur,1984-02,3.1732,1.3809,15.77,10.1674,0.4993,2.6794,Statistical Outlier / Seasonal Extreme
CHIRPS,Latur,1984-03,25.2448,3.1561,9.39,20.7872,-9.5841,20.6964,Statistical Outlier / Seasonal Extreme
CHIRPS,Latur,1985-01,8.7744,1.5782,18.14,3.1576,0.0101,3.5822,Statistical Outlier / Seasonal Extreme
CHIRPS,Latur,1985-02,7.9554,1.3809,57.83,2.3628,0.4993,2.6794,Statistical Outlier / Seasonal Extreme
CHIRPS,Latur,1985-03,11.862,3.1561,3.7,7.8843,-9.5841,20.6964,Statistical Outlier / Seasonal Extreme
CHIRPS,Latur,1987-05,84.8477,15.3436,3.71,12.3884,-37.0368,74.9455,Statistical Outlier / Seasonal Extreme
CHIRPS,Latur,1987-11,141.9849,6.8635,23.24,64.8062,-36.5601,71.9307,Statistical Outlier / Seasonal Extreme
CHIRPS,Latur,1988-03,13.9447,3.1561,4.59,11.4564,-9.5841,20.6964,Statistical Outlier / Seasonal Extreme
CHIRPS,Latur,1988-08,413.3127,229.6057,2.55,27.2199,38.95,404.7686,Extreme Monsoon Precipitation Event (Legitimate hydrometeorological peak)
CHIRPS,Latur,1988-12,20.248,3.1629,6.27,15.9541,-13.9062,27.4918,Statistical Outlier / Seasonal Extreme
CHIRPS,Latur,1989-01,4.8243,1.5782,8.18,5.9581,0.0101,3.5822,Statistical Outlier / Seasonal Extreme
CHIRPS,Latur,1989-11,46.6789,6.8635,6.85,44.353,-36.5601,71.9307,Statistical Outlier / Seasonal Extreme
CHIRPS,Latur,1990-05,177.4251,15.3436,8.65,0.8585,-37.0368,74.9455,Statistical Outlier / Seasonal Extreme
CHIRPS,Latur,1990-08,448.8257,229.6057,3.04,315.5478,38.95,404.7686,Extreme Monsoon Precipitation Event (Legitimate hydrometeorological peak)
CHIRPS,Latur,1990-12,13.8298,3.1629,3.92,9.8418,-13.9062,27.4918,Statistical Outlier / Seasonal Extreme
CHIRPS,Latur,1992-11,35.6436,6.8635,4.95,14.285,-36.5601,71.9307,Statistical Outlier / Seasonal Extreme
CHIRPS,Latur,1993-12,40.6738,3.1629,13.78,36.6448,-13.9062,27.4918,Statistical Outlier / Seasonal Extreme
CHIRPS,Latur,1994-02,2.7006,1.3809,11.61,0.3786,0.4993,2.6794,Statistical Outlier / Seasonal Extreme
CHIRPS,Latur,1995-01,2.9941,1.5782,3.57,0.5437,0.0101,3.5822,Statistical Outlier / Seasonal Extreme
CHIRPS,Latur,1995-02,2.5944,1.3809,10.67,2.7568,0.4993,2.6794,Statistical Outlier / Seasonal Extreme
CHIRPS,Latur,1997-11,123.4439,6.8635,20.05,79.9522,-36.5601,71.9307,Statistical Outlier / Seasonal Extreme
CHIRPS,Latur,1997-12,28.0848,3.1629,9.15,34.1697,-13.9062,27.4918,Statistical Outlier / Seasonal Extreme
CHIRPS,Latur,1999-02,2.7967,1.3809,12.45,1.0994,0.4993,2.6794,Statistical Outlier / Seasonal Extreme
CHIRPS,Latur,1999-05,82.093,15.3436,3.56,2.3013,-37.0368,74.9455,Statistical Outlier / Seasonal Extreme
CHIRPS,Latur,2000-02,2.0707,1.3809,6.07,0.7863,0.4993,2.6794,Statistical Outlier / Seasonal Extreme
CHIRPS,Latur,2000-05,77.1778,15.3436,3.3,41.1498,-37.0368,74.9455,Statistical Outlier / Seasonal Extreme
CHIRPS,Latur,2001-01,4.1424,1.5782,6.46,2.6853,0.0101,3.5822,Statistical Outlier / Seasonal Extreme
CHIRPS,Latur,2002-02,1.8675,1.3809,4.28,2.9967,0.4993,2.6794,Statistical Outlier / Seasonal Extreme
CHIRPS,Latur,2003-01,9.8094,1.5782,20.75,7.615,0.0101,3.5822,Statistical Outlier / Seasonal Extreme
CHIRPS,Latur,2004-01,3.1472,1.5782,3.96,1.8878,0.0101,3.5822,Statistical Outlier / Seasonal Extreme
CHIRPS,Latur,2005-04,53.1063,10.1405,3.06,37.2129,-29.3695,51.7815,Statistical Outlier / Seasonal Extreme
CHIRPS,Latur,2006-03,16.9748,3.1561,5.87,5.9333,-9.5841,20.6964,Statistical Outlier / Seasonal Extreme
CHIRPS,Latur,2006-05,99.8131,15.3436,4.51,18.7135,-37.0368,74.9455,Statistical Outlier / Seasonal Extreme
CHIRPS,Latur,2006-11,60.4301,6.8635,9.21,45.6002,-36.5601,71.9307,Statistical Outlier / Seasonal Extreme
CHIRPS,Latur,2008-03,84.7186,3.1561,34.67,82.0597,-9.5841,20.6964,Statistical Outlier / Seasonal Extreme
CHIRPS,Latur,2008-11,37.8266,6.8635,5.33,15.7471,-36.5601,71.9307,Statistical Outlier / Seasonal Extreme
CHIRPS,Latur,2009-11,38.8044,6.8635,5.49,0.9716,-36.5601,71.9307,Statistical Outlier / Seasonal Extreme
CHIRPS,Latur,2010-01,6.9424,1.5782,13.52,3.8102,0.0101,3.5822,Statistical Outlier / Seasonal Extreme
CHIRPS,Latur,2010-02,3.1014,1.3809,15.13,9.2318,0.4993,2.6794,Statistical Outlier / Seasonal Extreme
CHIRPS,Latur,2010-03,17.7239,3.1561,6.19,9.832,-9.5841,20.6964,Statistical Outlier / Seasonal Extreme
CHIRPS,Latur,2010-11,39.9417,6.8635,5.69,6.4653,-36.5601,71.9307,Statistical Outlier / Seasonal Extreme
CHIRPS,Latur,2010-12,19.5093,3.1629,6.0,1.1003,-13.9062,27.4918,Statistical Outlier / Seasonal Extreme
CHIRPS,Latur,2011-04,59.5121,10.1405,3.52,51.9779,-29.3695,51.7815,Statistical Outlier / Seasonal Extreme
CHIRPS,Latur,2012-11,43.0554,6.8635,6.22,8.3734,-36.5601,71.9307,Statistical Outlier / Seasonal Extreme
CHIRPS,Latur,2013-02,1.8448,1.3809,4.08,0.8209,0.4993,2.6794,Statistical Outlier / Seasonal Extreme
CHIRPS,Latur,2013-04,52.3986,10.1405,3.01,50.6632,-29.3695,51.7815,Statistical Outlier / Seasonal Extreme
CHIRPS,Latur,2014-02,4.3054,1.3809,25.72,11.0296,0.4993,2.6794,Statistical Outlier / Seasonal Extreme
CHIRPS,Latur,2014-03,29.3099,3.1561,11.12,10.7908,-9.5841,20.6964,Statistical Outlier / Seasonal Extreme
CHIRPS,Latur,2014-11,44.4652,6.8635,6.47,10.9374,-36.5601,71.9307,Statistical Outlier / Seasonal Extreme
CHIRPS,Latur,2014-12,23.171,3.1629,7.35,0.0316,-13.9062,27.4918,Statistical Outlier / Seasonal Extreme
CHIRPS,Latur,2016-02,9.3127,1.3809,69.77,3.725,0.4993,2.6794,Statistical Outlier / Seasonal Extreme
CHIRPS,Latur,2016-12,25.7051,3.1629,8.28,22.5599,-13.9062,27.4918,Statistical Outlier / Seasonal Extreme
CHIRPS,Latur,2018-02,26.424,1.3809,220.28,23.9502,0.4993,2.6794,Statistical Outlier / Seasonal Extreme
CHIRPS,Latur,2021-11,31.2467,6.8635,4.19,6.8529,-36.5601,71.9307,Statistical Outlier / Seasonal Extreme
CHIRPS,Latur,2023-03,13.5975,3.1561,4.44,16.7193,-9.5841,20.6964,Statistical Outlier / Seasonal Extreme
CHIRPS,Latur,2023-04,59.3295,10.1405,3.5,47.8527,-29.3695,51.7815,Statistical Outlier / Seasonal Extreme
CHIRPS,Latur,2023-07,553.4005,232.6677,3.72,509.4596,-24.6017,536.4706,Extreme Monsoon Precipitation Event (Legitimate hydrometeorological peak)
CHIRPS,Latur,2023-11,31.2392,6.8635,4.19,8.6195,-36.5601,71.9307,Statistical Outlier / Seasonal Extreme
CHIRPS,Latur,2023-12,27.4859,3.1629,8.93,11.1214,-13.9062,27.4918,Statistical Outlier / Seasonal Extreme
CHIRPS,Latur,2024-02,2.1274,1.3809,6.57,0.1942,0.4993,2.6794,Statistical Outlier / Seasonal Extreme
CHIRPS,Latur,2024-04,54.1054,10.1405,3.13,46.2381,-29.3695,51.7815,Statistical Outlier / Seasonal Extreme
CHIRPS,Latur,2025-05,255.8047,15.3436,12.83,219.2872,-37.0368,74.9455,Statistical Outlier / Seasonal Extreme
CHIRPS,Latur,2026-03,14.2683,3.1561,4.72,8.7118,-9.5841,20.6964,Statistical Outlier / Seasonal Extreme
CHIRPS,Nanded,1981-01,41.9458,3.4586,35.51,,-1.0215,9.3305,Statistical Outlier / Seasonal Extreme
CHIRPS,Nanded,1981-03,19.2273,4.2928,4.21,17.3897,-13.2426,27.7452,Statistical Outlier / Seasonal Extreme
CHIRPS,Nanded,1982-11,55.5872,8.4322,5.49,28.9924,-30.1214,59.4236,Statistical Outlier / Seasonal Extreme
CHIRPS,Nanded,1983-12,17.3723,3.6153,5.81,14.4728,-10.4879,24.4754,Statistical Outlier / Seasonal Extreme
CHIRPS,Nanded,1985-01,12.4573,3.4586,8.3,1.5924,-1.0215,9.3305,Statistical Outlier / Seasonal Extreme
CHIRPS,Nanded,1985-02,18.0258,1.5935,36.31,2.3984,-0.4581,4.3345,Statistical Outlier / Seasonal Extreme
CHIRPS,Nanded,1985-03,18.7975,4.2928,4.09,9.7846,-13.2426,27.7452,Statistical Outlier / Seasonal Extreme
CHIRPS,Nanded,1985-12,18.1144,3.6153,6.12,0.8172,-10.4879,24.4754,Statistical Outlier / Seasonal Extreme
CHIRPS,Nanded,1987-11,117.9814,8.4322,12.75,51.716,-30.1214,59.4236,Statistical Outlier / Seasonal Extreme
CHIRPS,Nanded,1988-03,19.0087,4.2928,4.15,15.7172,-13.2426,27.7452,Statistical Outlier / Seasonal Extreme
CHIRPS,Nanded,1990-05,109.9314,12.0619,6.71,83.1013,-30.1292,60.065,Statistical Outlier / Seasonal Extreme
CHIRPS,Nanded,1990-08,502.827,269.0936,3.87,352.1528,70.71,496.7138,Extreme Monsoon Precipitation Event (Legitimate hydrometeorological peak)
CHIRPS,Nanded,1990-12,14.7278,3.6153,4.69,10.0396,-10.4879,24.4754,Statistical Outlier / Seasonal Extreme
CHIRPS,Nanded,1991-12,17.4482,3.6153,5.84,14.5808,-10.4879,24.4754,Statistical Outlier / Seasonal Extreme
CHIRPS,Nanded,1993-12,47.1609,3.6153,18.39,42.9309,-10.4879,24.4754,Statistical Outlier / Seasonal Extreme
CHIRPS,Nanded,1995-01,8.1929,3.4586,4.37,6.2793,-1.0215,9.3305,Statistical Outlier / Seasonal Extreme
CHIRPS,Nanded,1995-03,21.456,4.2928,4.84,20.1841,-13.2426,27.7452,Statistical Outlier / Seasonal Extreme
CHIRPS,Nanded,1997-04,61.5221,6.2249,6.3,59.8446,-28.3728,50.3226,Statistical Outlier / Seasonal Extreme
CHIRPS,Nanded,1997-11,80.9781,8.4322,8.44,23.6572,-30.1214,59.4236,Statistical Outlier / Seasonal Extreme
CHIRPS,Nanded,1997-12,19.1645,3.6153,6.57,22.6712,-10.4879,24.4754,Statistical Outlier / Seasonal Extreme
CHIRPS,Nanded,1999-02,13.1402,1.5935,25.51,10.7789,-0.4581,4.3345,Statistical Outlier / Seasonal Extreme
CHIRPS,Nanded,2000-05,74.6699,12.0619,4.29,52.7966,-30.1292,60.065,Statistical Outlier / Seasonal Extreme
CHIRPS,Nanded,2001-01,7.7053,3.4586,3.92,5.36,-1.0215,9.3305,Statistical Outlier / Seasonal Extreme
CHIRPS,Nanded,2002-07,68.6437,315.5806,2.68,245.8788,72.8616,560.6836,Statistical Outlier / Seasonal Extreme
CHIRPS,Nanded,2003-01,20.7746,3.4586,15.98,18.0889,-1.0215,9.3305,Statistical Outlier / Seasonal Extreme
CHIRPS,Nanded,2004-04,38.5039,6.2249,3.67,23.1432,-28.3728,50.3226,Statistical Outlier / Seasonal Extreme
CHIRPS,Nanded,2005-01,17.5209,3.4586,12.97,15.0276,-1.0215,9.3305,Statistical Outlier / Seasonal Extreme
CHIRPS,Nanded,2005-03,34.1005,4.2928,8.41,20.052,-13.2426,27.7452,Statistical Outlier / Seasonal Extreme
CHIRPS,Nanded,2006-03,60.9909,4.2928,16.0,49.0747,-13.2426,27.7452,Statistical Outlier / Seasonal Extreme
CHIRPS,Nanded,2006-05,74.9877,12.0619,4.31,1.3261,-30.1292,60.065,Statistical Outlier / Seasonal Extreme
CHIRPS,Nanded,2007-12,15.1318,3.6153,4.86,9.5117,-10.4879,24.4754,Statistical Outlier / Seasonal Extreme
CHIRPS,Nanded,2008-03,83.0346,4.2928,22.22,80.4734,-13.2426,27.7452,Statistical Outlier / Seasonal Extreme
CHIRPS,Nanded,2009-11,51.4537,8.4322,5.01,17.8635,-30.1214,59.4236,Statistical Outlier / Seasonal Extreme
CHIRPS,Nanded,2010-01,9.0488,3.4586,5.16,3.8393,-1.0215,9.3305,Statistical Outlier / Seasonal Extreme
CHIRPS,Nanded,2010-02,6.9189,1.5935,11.77,5.6447,-0.4581,4.3345,Statistical Outlier / Seasonal Extreme
CHIRPS,Nanded,2010-11,38.758,8.4322,3.53,18.1553,-30.1214,59.4236,Statistical Outlier / Seasonal Extreme
CHIRPS,Nanded,2011-04,58.7804,6.2249,5.98,51.8887,-28.3728,50.3226,Statistical Outlier / Seasonal Extreme
CHIRPS,Nanded,2013-02,3.7997,1.5935,4.87,0.8557,-0.4581,4.3345,Statistical Outlier / Seasonal Extreme
CHIRPS,Nanded,2013-04,59.4127,6.2249,6.05,55.557,-28.3728,50.3226,Statistical Outlier / Seasonal Extreme
CHIRPS,Nanded,2014-03,53.9535,4.2928,14.01,45.2723,-13.2426,27.7452,Statistical Outlier / Seasonal Extreme
CHIRPS,Nanded,2014-12,22.3594,3.6153,7.92,5.6944,-10.4879,24.4754,Statistical Outlier / Seasonal Extreme
CHIRPS,Nanded,2015-01,7.4857,3.4586,3.72,5.0642,-1.0215,9.3305,Statistical Outlier / Seasonal Extreme
CHIRPS,Nanded,2016-02,19.3566,1.5935,39.25,12.3068,-0.4581,4.3345,Statistical Outlier / Seasonal Extreme
CHIRPS,Nanded,2016-12,28.3748,3.6153,10.46,25.1818,-10.4879,24.4754,Statistical Outlier / Seasonal Extreme
CHIRPS,Nanded,2018-02,49.1964,1.5935,105.18,46.3762,-0.4581,4.3345,Statistical Outlier / Seasonal Extreme
CHIRPS,Nanded,2020-03,25.7797,4.2928,6.06,22.9718,-13.2426,27.7452,Statistical Outlier / Seasonal Extreme
CHIRPS,Nanded,2022-07,616.8916,315.5806,3.27,374.058,72.8616,560.6836,Extreme Monsoon Precipitation Event (Legitimate hydrometeorological peak)
CHIRPS,Nanded,2023-03,19.9042,4.2928,4.41,15.2558,-13.2426,27.7452,Statistical Outlier / Seasonal Extreme
CHIRPS,Nanded,2023-04,69.0315,6.2249,7.15,55.6638,-28.3728,50.3226,Statistical Outlier / Seasonal Extreme
CHIRPS,Nanded,2023-07,638.0,315.5806,3.5,571.0565,72.8616,560.6836,Extreme Monsoon Precipitation Event (Legitimate hydrometeorological peak)
CHIRPS,Nanded,2023-12,29.3982,3.6153,10.89,10.5631,-10.4879,24.4754,Statistical Outlier / Seasonal Extreme
CHIRPS,Nanded,2024-04,50.3709,6.2249,5.03,39.0354,-28.3728,50.3226,Statistical Outlier / Seasonal Extreme
CHIRPS,Nanded,2025-05,184.3027,12.0619,11.81,120.1062,-30.1292,60.065,Statistical Outlier / Seasonal Extreme
CHIRPS,Parbhani,1981-01,35.4047,2.2785,59.25,,0.1972,4.8892,Statistical Outlier / Seasonal Extreme
CHIRPS,Parbhani,1981-03,22.8974,2.7388,10.59,22.7945,-10.6415,22.175,Statistical Outlier / Seasonal Extreme
CHIRPS,Parbhani,1981-12,28.3538,6.5223,8.26,24.213,-5.5758,22.6684,Statistical Outlier / Seasonal Extreme
CHIRPS,Parbhani,1982-11,68.0687,5.9309,11.13,52.7703,-28.8081,56.2156,Statistical Outlier / Seasonal Extreme
CHIRPS,Parbhani,1983-12,28.4745,6.5223,8.31,25.8698,-5.5758,22.6684,Statistical Outlier / Seasonal Extreme
CHIRPS,Parbhani,1985-02,20.3278,0.6224,92.72,12.6643,0.036,1.247,Statistical Outlier / Seasonal Extreme
CHIRPS,Parbhani,1985-03,11.2386,2.7388,4.46,1.0735,-10.6415,22.175,Statistical Outlier / Seasonal Extreme
CHIRPS,Parbhani,1987-05,48.6422,9.5958,3.34,26.9799,-21.225,45.0302,Statistical Outlier / Seasonal Extreme
CHIRPS,Parbhani,1987-11,75.8484,5.9309,12.52,10.2043,-28.8081,56.2156,Statistical Outlier / Seasonal Extreme
CHIRPS,Parbhani,1988-03,11.6869,2.7388,4.7,6.6991,-10.6415,22.175,Statistical Outlier / Seasonal Extreme
CHIRPS,Parbhani,1990-05,167.679,9.5958,13.53,15.2564,-21.225,45.0302,Statistical Outlier / Seasonal Extreme
CHIRPS,Parbhani,1990-08,445.3381,243.8969,3.14,286.4414,75.6418,414.1403,Extreme Monsoon Precipitation Event (Legitimate hydrometeorological peak)
CHIRPS,Parbhani,1991-04,26.5229,3.0182,5.26,15.78,-19.6709,32.9561,Statistical Outlier / Seasonal Extreme
CHIRPS,Parbhani,1993-12,48.8476,6.5223,16.02,45.0335,-5.5758,22.6684,Statistical Outlier / Seasonal Extreme
CHIRPS,Parbhani,1995-01,4.9846,2.2785,4.84,2.0736,0.1972,4.8892,Statistical Outlier / Seasonal Extreme
CHIRPS,Parbhani,1995-03,37.8679,2.7388,18.45,36.3359,-10.6415,22.175,Statistical Outlier / Seasonal Extreme
CHIRPS,Parbhani,1997-11,77.4563,5.9309,12.81,11.4619,-28.8081,56.2156,Statistical Outlier / Seasonal Extreme
CHIRPS,Parbhani,1997-12,41.8334,6.5223,13.36,2.4699,-5.5758,22.6684,Statistical Outlier / Seasonal Extreme
CHIRPS,Parbhani,1998-11,29.4211,5.9309,4.21,43.6272,-28.8081,56.2156,Statistical Outlier / Seasonal Extreme
CHIRPS,Parbhani,1999-02,11.788,0.6224,52.54,10.1304,0.036,1.247,Statistical Outlier / Seasonal Extreme
CHIRPS,Parbhani,1999-05,62.3433,9.5958,4.51,28.5851,-21.225,45.0302,Statistical Outlier / Seasonal Extreme
CHIRPS,Parbhani,2000-05,69.2334,9.5958,5.1,42.0314,-21.225,45.0302,Statistical Outlier / Seasonal Extreme
CHIRPS,Parbhani,2001-01,6.6351,2.2785,7.79,3.5137,0.1972,4.8892,Statistical Outlier / Seasonal Extreme
CHIRPS,Parbhani,2002-02,1.9528,0.6224,6.26,0.9702,0.036,1.247,Statistical Outlier / Seasonal Extreme
CHIRPS,Parbhani,2003-01,14.5827,2.2785,22.01,10.7153,0.1972,4.8892,Statistical Outlier / Seasonal Extreme
CHIRPS,Parbhani,2004-11,26.301,5.9309,3.65,7.2682,-28.8081,56.2156,Statistical Outlier / Seasonal Extreme
CHIRPS,Parbhani,2005-03,18.7965,2.7388,8.43,3.1618,-10.6415,22.175,Statistical Outlier / Seasonal Extreme
CHIRPS,Parbhani,2005-04,30.6862,3.0182,6.19,15.7323,-19.6709,32.9561,Statistical Outlier / Seasonal Extreme
CHIRPS,Parbhani,2005-07,523.4657,239.1334,3.28,349.4592,32.8421,472.5128,Extreme Monsoon Precipitation Event (Legitimate hydrometeorological peak)
CHIRPS,Parbhani,2006-03,40.8047,2.7388,19.99,40.5157,-10.6415,22.175,Statistical Outlier / Seasonal Extreme
CHIRPS,Parbhani,2006-05,80.0453,9.5958,6.03,8.7101,-21.225,45.0302,Statistical Outlier / Seasonal Extreme
CHIRPS,Parbhani,2007-12,19.8881,6.5223,5.06,15.1713,-5.5758,22.6684,Statistical Outlier / Seasonal Extreme
CHIRPS,Parbhani,2008-03,63.1398,2.7388,31.72,59.8854,-10.6415,22.175,Statistical Outlier / Seasonal Extreme
CHIRPS,Parbhani,2008-11,35.9689,5.9309,5.38,20.4755,-28.8081,56.2156,Statistical Outlier / Seasonal Extreme
CHIRPS,Parbhani,2009-11,59.5536,5.9309,9.6,18.7684,-28.8081,56.2156,Statistical Outlier / Seasonal Extreme
CHIRPS,Parbhani,2010-11,26.2947,5.9309,3.65,32.1109,-28.8081,56.2156,Statistical Outlier / Seasonal Extreme
CHIRPS,Parbhani,2011-04,33.2971,3.0182,6.77,29.4507,-19.6709,32.9561,Statistical Outlier / Seasonal Extreme
CHIRPS,Parbhani,2013-04,24.171,3.0182,4.73,21.4612,-19.6709,32.9561,Statistical Outlier / Seasonal Extreme
CHIRPS,Parbhani,2014-02,1.7003,0.6224,5.07,20.2306,0.036,1.247,Statistical Outlier / Seasonal Extreme
CHIRPS,Parbhani,2014-03,41.2309,2.7388,20.22,31.014,-10.6415,22.175,Statistical Outlier / Seasonal Extreme
CHIRPS,Parbhani,2014-04,18.7335,3.0182,3.51,4.8816,-19.6709,32.9561,Statistical Outlier / Seasonal Extreme
CHIRPS,Parbhani,2014-11,43.8885,5.9309,6.8,32.4401,-28.8081,56.2156,Statistical Outlier / Seasonal Extreme
CHIRPS,Parbhani,2015-02,1.8456,0.6224,5.76,5.1819,0.036,1.247,Statistical Outlier / Seasonal Extreme
CHIRPS,Parbhani,2015-03,10.1593,2.7388,3.9,1.9952,-10.6415,22.175,Statistical Outlier / Seasonal Extreme
CHIRPS,Parbhani,2015-04,22.4633,3.0182,4.35,13.1546,-19.6709,32.9561,Statistical Outlier / Seasonal Extreme
CHIRPS,Parbhani,2016-02,12.4384,0.6224,55.6,5.2363,0.036,1.247,Statistical Outlier / Seasonal Extreme
CHIRPS,Parbhani,2016-03,12.4844,2.7388,5.12,5.6365,-10.6415,22.175,Statistical Outlier / Seasonal Extreme
CHIRPS,Parbhani,2018-02,28.6451,0.6224,131.86,26.5789,0.036,1.247,Statistical Outlier / Seasonal Extreme
CHIRPS,Parbhani,2019-04,21.2602,3.0182,4.08,18.8559,-19.6709,32.9561,Statistical Outlier / Seasonal Extreme
CHIRPS,Parbhani,2020-03,11.2596,2.7388,4.48,10.2027,-10.6415,22.175,Statistical Outlier / Seasonal Extreme
CHIRPS,Parbhani,2022-12,16.032,6.5223,3.6,13.3349,-5.5758,22.6684,Statistical Outlier / Seasonal Extreme
CHIRPS,Parbhani,2023-03,19.0012,2.7388,8.54,7.1527,-10.6415,22.175,Statistical Outlier / Seasonal Extreme
CHIRPS,Parbhani,2023-04,51.7886,3.0182,10.91,39.8609,-19.6709,32.9561,Statistical Outlier / Seasonal Extreme
CHIRPS,Parbhani,2023-08,72.0394,243.8969,2.68,278.7404,75.6418,414.1403,Statistical Outlier / Seasonal Extreme
CHIRPS,Parbhani,2023-11,37.3121,5.9309,5.62,24.6467,-28.8081,56.2156,Statistical Outlier / Seasonal Extreme
CHIRPS,Parbhani,2024-02,2.4591,0.6224,8.64,0.604,0.036,1.247,Statistical Outlier / Seasonal Extreme
CHIRPS,Parbhani,2024-04,29.9682,3.0182,6.03,25.5554,-19.6709,32.9561,Statistical Outlier / Seasonal Extreme
CHIRPS,Parbhani,2025-05,211.4843,9.5958,17.28,162.8297,-21.225,45.0302,Statistical Outlier / Seasonal Extreme
CHIRPS,Parbhani,2026-04,32.4255,3.0182,6.58,23.0341,-19.6709,32.9561,Statistical Outlier / Seasonal Extreme
ERA5,Beed,2025-06,1145.1296,960.0341,2.83,48.9991,820.6211,1070.9123,Statistical Outlier / Seasonal Extreme
ERA5,Chhatrapati Sambhajinagar,2025-06,1056.5354,925.2623,2.82,4.7635,811.0811,1016.2765,Statistical Outlier / Seasonal Extreme
ERA5,Dharashiv,2012-09,1093.1588,1299.312,2.63,10.9249,1102.9506,1501.1121,Statistical Outlier / Seasonal Extreme
ERA5,Dharashiv,2013-02,988.4689,1091.0414,2.76,0.5451,989.6298,1189.4427,Statistical Outlier / Seasonal Extreme
ERA5,Dharashiv,2013-03,973.5356,1070.8537,2.9,0.6273,974.3756,1159.7593,Statistical Outlier / Seasonal Extreme
ERA5,Dharashiv,2013-04,959.8568,1049.717,2.87,0.8036,962.9843,1126.3328,Statistical Outlier / Seasonal Extreme
ERA5,Dharashiv,2013-05,947.7851,1028.8071,3.14,64.7544,959.0028,1094.9881,Statistical Outlier / Seasonal Extreme
ERA5,Dharashiv,2024-06,1194.0635,1050.9963,2.63,3.628,925.636,1189.7199,Statistical Outlier / Seasonal Extreme
ERA5,Dharashiv,2025-05,1102.0344,1028.8071,2.84,41.8814,959.0028,1094.9881,Statistical Outlier / Seasonal Extreme
ERA5,Dharashiv,2025-06,1221.703,1050.9963,3.14,36.7503,925.636,1189.7199,Statistical Outlier / Seasonal Extreme
ERA5,Hingoli,2000-06,1071.0451,925.8801,3.99,22.2602,831.4578,1015.8313,Statistical Outlier / Seasonal Extreme
ERA5,Hingoli,2025-06,1026.1622,925.8801,2.76,8.6947,831.4578,1015.8313,Statistical Outlier / Seasonal Extreme
ERA5,Jalna,2020-06,1050.8731,966.2508,2.04,26.7908,857.7063,1049.2342,Statistical Outlier / Seasonal Extreme
ERA5,Jalna,2025-06,1097.2129,966.2508,3.16,0.6866,857.7063,1049.2342,Statistical Outlier / Seasonal Extreme
ERA5,Latur,2012-09,1009.3462,1202.1881,2.74,4.0427,1056.8411,1376.7964,Statistical Outlier / Seasonal Extreme
ERA5,Latur,2015-09,1040.3629,1202.1881,2.3,37.3674,1056.8411,1376.7964,Statistical Outlier / Seasonal Extreme
ERA5,Latur,2025-06,1131.8391,966.9792,2.92,28.6984,810.5707,1128.5391,Statistical Outlier / Seasonal Extreme
ERA5,Latur,2025-09,1381.2366,1202.1881,2.55,89.3207,1056.8411,1376.7964,Statistical Outlier / Seasonal Extreme
ERA5,Parbhani,2025-06,1106.8222,989.8701,3.61,14.7417,872.0909,1091.5874,Statistical Outlier / Seasonal Extreme
NDVI,Beed,2021-05,0.3242,0.2339,3.28,0.0679,0.1651,0.3079,Statistical Outlier / Seasonal Extreme
NDVI,Beed,2023-05,0.3219,0.2339,3.2,0.015,0.1651,0.3079,Statistical Outlier / Seasonal Extreme
NDVI,Beed,2025-05,0.3576,0.2339,4.5,0.0214,0.1651,0.3079,Statistical Outlier / Seasonal Extreme
NDVI,Chhatrapati Sambhajinagar,2025-05,0.3573,0.2284,3.84,0.013,0.1524,0.3133,Statistical Outlier / Seasonal Extreme
NDVI,Dharashiv,2019-11,0.5414,0.4564,2.6,0.0193,0.373,0.5364,Statistical Outlier / Seasonal Extreme
NDVI,Dharashiv,2021-05,0.3616,0.2256,3.69,0.0232,0.1458,0.3214,Statistical Outlier / Seasonal Extreme
NDVI,Dharashiv,2021-12,0.5411,0.4298,3.14,0.0526,0.3205,0.5303,Statistical Outlier / Seasonal Extreme
NDVI,Dharashiv,2025-05,0.3889,0.2256,4.43,0.0158,0.1458,0.3214,Statistical Outlier / Seasonal Extreme
NDVI,Dharashiv,2025-06,0.5313,0.2705,3.2,0.0179,0.0912,0.4869,Statistical Outlier / Seasonal Extreme
NDVI,Hingoli,2014-03,0.3819,0.2859,2.79,0.0111,0.1974,0.3775,Statistical Outlier / Seasonal Extreme
NDVI,Hingoli,2018-09,0.5175,0.6334,3.59,0.0765,0.5516,0.7206,Statistical Outlier / Seasonal Extreme
NDVI,Hingoli,2019-11,0.647,0.5071,3.54,0.0496,0.402,0.6111,Statistical Outlier / Seasonal Extreme
NDVI,Hingoli,2024-01,0.5824,0.4243,2.96,0.1124,0.3099,0.5657,Statistical Outlier / Seasonal Extreme
NDVI,Hingoli,2025-05,0.3186,0.2438,2.53,0.0173,0.1663,0.3185,Statistical Outlier / Seasonal Extreme
NDVI,Jalna,2021-05,0.3086,0.2124,4.01,0.0106,0.1482,0.2884,Statistical Outlier / Seasonal Extreme
NDVI,Jalna,2025-05,0.3217,0.2124,4.56,0.0474,0.1482,0.2884,Statistical Outlier / Seasonal Extreme
NDVI,Jalna,2025-06,0.4747,0.2391,4.21,0.0064,0.0651,0.4445,Statistical Outlier / Seasonal Extreme
NDVI,Latur,2014-04,0.3293,0.2485,2.75,0.0095,0.1823,0.3205,Statistical Outlier / Seasonal Extreme
NDVI,Latur,2018-10,0.448,0.5567,2.01,0.0552,0.4587,0.6827,Statistical Outlier / Seasonal Extreme
NDVI,Latur,2021-05,0.3272,0.2392,2.92,0.0796,0.1604,0.3233,Statistical Outlier / Seasonal Extreme
NDVI,Latur,2023-04,0.3258,0.2485,2.63,0.0111,0.1823,0.3205,Statistical Outlier / Seasonal Extreme
NDVI,Latur,2023-05,0.3252,0.2392,2.86,0.0002,0.1604,0.3233,Statistical Outlier / Seasonal Extreme
NDVI,Latur,2025-05,0.3714,0.2392,4.4,0.0031,0.1604,0.3233,Statistical Outlier / Seasonal Extreme
NDVI,Nanded,2010-11,0.6535,0.5525,1.91,0.0697,0.423,0.6528,Statistical Outlier / Seasonal Extreme
NDVI,Nanded,2014-03,0.4163,0.3014,3.38,0.028,0.2179,0.4139,Statistical Outlier / Seasonal Extreme
NDVI,Nanded,2020-01,0.55,0.4207,3.58,0.0493,0.2869,0.6008,Statistical Outlier / Seasonal Extreme
NDVI,Parbhani,2010-11,0.6205,0.5231,2.59,0.0806,0.4304,0.6101,Statistical Outlier / Seasonal Extreme
NDVI,Parbhani,2014-10,0.4681,0.5684,3.2,0.0737,0.491,0.641,Statistical Outlier / Seasonal Extreme
NDVI,Parbhani,2015-10,0.4815,0.5684,2.77,0.03,0.491,0.641,Statistical Outlier / Seasonal Extreme
NDVI,Parbhani,2018-10,0.4619,0.5684,3.4,0.0803,0.491,0.641,Statistical Outlier / Seasonal Extreme
NDVI,Parbhani,2019-10,0.6562,0.5684,2.8,0.0053,0.491,0.641,Statistical Outlier / Seasonal Extreme
NDVI,Parbhani,2019-11,0.6299,0.5231,2.84,0.0295,0.4304,0.6101,Statistical Outlier / Seasonal Extreme
LST,Beed,2000-08,40.8635,33.2191,2.64,2.6741,25.835,40.6678,Statistical Outlier / Seasonal Extreme
LST,Beed,2025-04,41.2057,48.2151,3.22,2.8913,41.6409,53.9625,Statistical Outlier / Seasonal Extreme
LST,Beed,2025-05,39.0098,46.934,4.24,2.2443,41.2647,52.2229,Statistical Outlier / Seasonal Extreme
LST,Beed,2025-06,32.3253,42.0205,3.78,2.0167,34.7428,48.9344,Statistical Outlier / Seasonal Extreme
LST,Chhatrapati Sambhajinagar,2000-08,40.8523,33.2341,3.2,3.1978,27.2784,39.1259,Statistical Outlier / Seasonal Extreme
LST,Chhatrapati Sambhajinagar,2000-09,37.8941,32.1613,2.33,2.0786,27.1975,37.8546,Statistical Outlier / Seasonal Extreme
LST,Chhatrapati Sambhajinagar,2013-07,24.5988,34.8682,2.76,14.2498,25.1423,45.1165,Statistical Outlier / Seasonal Extreme
LST,Chhatrapati Sambhajinagar,2024-05,41.7601,47.0856,3.92,1.1782,42.6732,50.8767,Statistical Outlier / Seasonal Extreme
LST,Chhatrapati Sambhajinagar,2024-08,27.099,33.2341,2.57,3.9309,27.2784,39.1259,Statistical Outlier / Seasonal Extreme
LST,Chhatrapati Sambhajinagar,2025-05,40.2422,47.0856,5.04,2.9194,42.6732,50.8767,Statistical Outlier / Seasonal Extreme
LST,Chhatrapati Sambhajinagar,2025-06,33.0985,42.3268,3.03,0.2165,33.9144,50.2283,Statistical Outlier / Seasonal Extreme
LST,Chhatrapati Sambhajinagar,2025-08,27.0253,33.2341,2.61,,27.2784,39.1259,Statistical Outlier / Seasonal Extreme
LST,Dharashiv,2024-12,28.2546,33.0955,2.68,0.6479,28.2926,37.8154,Statistical Outlier / Seasonal Extreme
LST,Dharashiv,2025-04,40.5936,48.1879,3.15,2.1103,41.909,54.2893,Statistical Outlier / Seasonal Extreme
LST,Dharashiv,2025-05,38.7963,47.1134,4.24,3.3962,40.9431,52.6918,Statistical Outlier / Seasonal Extreme
LST,Dharashiv,2025-06,30.2064,41.9417,4.22,2.4492,34.7398,48.9178,Statistical Outlier / Seasonal Extreme
LST,Dharashiv,2025-08,25.8537,33.0236,2.81,,26.203,39.8538,Statistical Outlier / Seasonal Extreme
LST,Hingoli,2000-12,34.7516,31.1968,2.83,0.0722,28.2738,34.3052,Statistical Outlier / Seasonal Extreme
LST,Hingoli,2009-01,34.6051,31.4548,2.61,2.2468,28.3431,34.4685,Statistical Outlier / Seasonal Extreme
LST,Hingoli,2023-12,27.044,31.1968,3.31,2.7034,28.2738,34.3052,Statistical Outlier / Seasonal Extreme
LST,Hingoli,2024-01,27.9092,31.4548,2.94,1.9735,28.3431,34.4685,Statistical Outlier / Seasonal Extreme
LST,Hingoli,2024-05,41.1301,47.663,2.84,0.2856,41.2889,52.8458,Statistical Outlier / Seasonal Extreme
LST,Hingoli,2024-12,27.0567,31.1968,3.3,1.1775,28.2738,34.3052,Statistical Outlier / Seasonal Extreme
LST,Hingoli,2025-01,27.6901,31.4548,3.12,2.4464,28.3431,34.4685,Statistical Outlier / Seasonal Extreme
LST,Hingoli,2025-03,38.0489,43.9205,3.09,0.4405,38.8867,48.9018,Statistical Outlier / Seasonal Extreme
LST,Hingoli,2025-05,41.0696,47.663,2.87,2.1306,41.2889,52.8458,Statistical Outlier / Seasonal Extreme
LST,Jalna,2022-05,43.9331,47.9583,2.36,0.125,44.0218,52.3154,Statistical Outlier / Seasonal Extreme
LST,Jalna,2024-05,42.793,47.9583,3.02,1.2541,44.0218,52.3154,Statistical Outlier / Seasonal Extreme
LST,Jalna,2024-08,25.9832,33.0978,3.05,,27.0928,39.9218,Statistical Outlier / Seasonal Extreme
LST,Jalna,2025-05,40.6364,47.9583,4.29,2.5935,44.0218,52.3154,Statistical Outlier / Seasonal Extreme
LST,Jalna,2025-06,34.2693,43.3893,2.82,0.4478,34.7929,51.3096,Statistical Outlier / Seasonal Extreme
LST,Jalna,2025-07,27.0067,37.3289,,3.7321,30.4559,44.2755,Statistical Outlier / Seasonal Extreme
LST,Latur,2000-08,40.0356,30.8539,3.85,4.7025,23.4834,39.7403,Statistical Outlier / Seasonal Extreme
LST,Latur,2015-10,38.4442,34.3066,2.68,2.0273,30.1577,38.173,Statistical Outlier / Seasonal Extreme
LST,Latur,2015-12,36.4014,32.1714,3.27,0.7194,28.7184,35.6389,Statistical Outlier / Seasonal Extreme
LST,Latur,2016-01,36.5656,32.9468,2.25,1.7751,28.6102,36.4764,Statistical Outlier / Seasonal Extreme
LST,Latur,2018-10,38.7875,34.3066,2.9,2.8386,30.1577,38.173,Statistical Outlier / Seasonal Extreme
LST,Latur,2024-12,27.9851,32.1714,3.24,0.7166,28.7184,35.6389,Statistical Outlier / Seasonal Extreme
LST,Latur,2025-01,28.3729,32.9468,2.85,2.501,28.6102,36.4764,Statistical Outlier / Seasonal Extreme
LST,Latur,2025-03,37.7969,44.5536,2.4,0.6268,38.2288,51.3845,Statistical Outlier / Seasonal Extreme
LST,Latur,2025-04,40.5775,47.4697,2.68,1.7019,40.9013,54.0143,Statistical Outlier / Seasonal Extreme
LST,Latur,2025-05,39.9542,46.8644,3.23,2.8732,41.5965,51.8894,Statistical Outlier / Seasonal Extreme
LST,Latur,2025-06,33.5845,42.3364,3.9,1.5126,36.4124,48.8186,Statistical Outlier / Seasonal Extreme
LST,Nanded,2008-06,48.786,42.9049,4.34,5.5906,39.2808,46.9267,Statistical Outlier / Seasonal Extreme
LST,Nanded,2015-12,34.9436,31.4451,2.74,0.6393,28.0726,34.7726,Statistical Outlier / Seasonal Extreme
LST,Nanded,2024-05,40.7352,47.1676,3.72,0.0837,42.2827,51.4705,Statistical Outlier / Seasonal Extreme
LST,Nanded,2024-12,27.457,31.4451,3.13,0.9742,28.0726,34.7726,Statistical Outlier / Seasonal Extreme
LST,Nanded,2025-03,37.9832,43.6191,2.87,0.3527,38.7687,48.7456,Statistical Outlier / Seasonal Extreme
LST,Nanded,2025-05,40.2228,47.1676,4.02,1.3333,42.2827,51.4705,Statistical Outlier / Seasonal Extreme
LST,Nanded,2025-06,36.0279,42.9049,5.07,2.1355,39.2808,46.9267,Statistical Outlier / Seasonal Extreme
LST,Nanded,2025-07,27.562,36.8064,,4.2828,28.7742,45.0595,Statistical Outlier / Seasonal Extreme
LST,Parbhani,2021-06,37.3652,43.3952,2.17,5.1884,37.9397,49.8632,Statistical Outlier / Seasonal Extreme
LST,Parbhani,2024-12,27.3439,31.783,2.82,1.0158,27.5599,36.0131,Statistical Outlier / Seasonal Extreme
LST,Parbhani,2025-05,40.991,47.7386,2.99,2.5413,41.7925,53.4657,Statistical Outlier / Seasonal Extreme
LST,Parbhani,2025-06,35.4607,43.3952,2.85,2.3835,37.9397,49.8632,Statistical Outlier / Seasonal Extreme
GWP,Beed,2006-08,0.5118,0.2365,3.12,0.0519,0.0096,0.5076,Statistical Outlier / Seasonal Extreme
GWP,Dharashiv,2022-07,0.601,0.4107,2.93,0.0184,0.195,0.5908,Statistical Outlier / Seasonal Extreme
GWP,Hingoli,2008-06,0.5727,0.7692,5.05,0.0316,0.6715,0.863,Statistical Outlier / Seasonal Extreme
GWP,Hingoli,2012-06,0.6631,0.7692,2.73,0.0748,0.6715,0.863,Statistical Outlier / Seasonal Extreme
GWP,Hingoli,2017-06,0.656,0.7692,2.91,0.1683,0.6715,0.863,Statistical Outlier / Seasonal Extreme
GWP,Latur,2016-04,0.5687,0.3952,3.18,0.0152,0.2721,0.5322,Statistical Outlier / Seasonal Extreme
GWP,Latur,2022-08,0.4304,0.1972,2.82,0.0104,-0.0113,0.4182,Statistical Outlier / Seasonal Extreme
GWP,Nanded,2006-08,0.3029,0.139,3.25,0.0556,0.0199,0.2748,Statistical Outlier / Seasonal Extreme
GWP,Nanded,2008-03,0.1677,0.2184,2.71,0.0017,0.1707,0.2674,Statistical Outlier / Seasonal Extreme
GWP,Nanded,2014-04,0.1573,0.2215,2.84,0.0671,0.1612,0.2764,Statistical Outlier / Seasonal Extreme
GWP,Nanded,2016-04,0.2879,0.2215,2.93,0.0,0.1612,0.2764,Statistical Outlier / Seasonal Extreme
GWP,Nanded,2022-07,0.298,0.188,2.33,0.0015,0.0801,0.2806,Statistical Outlier / Seasonal Extreme
GWP,Nanded,2022-08,0.2984,0.139,3.16,0.012,0.0199,0.2748,Statistical Outlier / Seasonal Extreme
GWP,Parbhani,2006-05,0.2693,0.3454,3.62,0.0205,0.2411,0.4207,Statistical Outlier / Seasonal Extreme
GWP,Parbhani,2008-05,0.252,0.3454,4.44,0.0028,0.2411,0.4207,Statistical Outlier / Seasonal Extreme
GWP,Parbhani,2022-07,0.432,0.2928,2.49,0.001,0.1467,0.4269,Statistical Outlier / Seasonal Extreme
